id,Name,d bore,D outside,B,dynamic (kN),static (kN),Reference speed (r/min),Limiting speed (r/min)
0,W 618/1,1,3,1,0.052,0.012,240000,150000
1,W 619/1,1,4,1.6,0.079,0.018,220000,140000
2,W 638/1,1,3,1.5,0.052,0.012,240000,150000
3,W 60/1.5,1.5,6,2.5,0.19,0.051,180000,110000
4,W 618/1.5,1.5,4,1.2,0.062,0.016,220000,140000
5,W 619/1.5,1.5,5,2,0.135,0.036,200000,120000
6,W 630/1.5-2Z,1.5,6,3,0.19,0.051,180000,90000
7,W 638/1.5-2Z,1.5,4,2,0.062,0.016,220000,110000
8,W 602,2,7,2.8,0.221,0.067,160000,100000
9,W 602 X-2ZS,2,7,3,0.221,0.067,160000,80000
10,W 617/2,2,4,1.2,0.068,0.019,200000,130000
11,W 618/2,2,5,1.5,0.094,0.025,200000,120000
12,W 618/2 X,2,5,2,0.094,0.025,200000,120000
13,W 619/2,2,6,2.3,0.19,0.051,180000,110000
14,W 619/2 X,2,6,2.5,0.19,0.051,180000,110000
15,W 619/2 X-2Z,2,6,2.5,0.19,0.051,180000,90000
16,W 637/2-2Z,2,4,2,0.068,0.019,200000,100000
17,W 638/2 X-2Z,2,5,2.5,0.094,0.025,200000,100000
18,W 638/2-2Z,2,5,2.3,0.094,0.025,200000,100000
19,W 639/2-2Z,2,6,3,0.19,0.051,180000,90000
20,W 60/2.5,2.5,8,2.8,0.312,0.088,160000,95000
21,W 618/2.5,2.5,6,1.8,0.117,0.036,170000,110000
22,W 619/2.5,2.5,7,2.5,0.221,0.067,160000,100000
23,W 630/2.5-2Z,2.5,8,4,0.312,0.088,160000,80000
24,W 638/2.5-2Z,2.5,6,2.6,0.117,0.036,170000,85000
25,623,3,10,4,0.54,0.18,130000,80000
26,623-2RS1,3,10,4,0.54,0.18,None,40000
27,623-2Z,3,10,4,0.54,0.18,130000,60000
28,623-Z,3,10,4,0.54,0.18,130000,80000
29,W 603,3,9,3,0.325,0.095,140000,90000
30,W 603 X-2Z,3,9,4,0.325,0.095,140000,70000
31,W 617/3,3,6,2,0.117,0.036,170000,110000
32,W 618/3,3,7,2,0.178,0.057,160000,100000
33,W 619/3,3,8,3,0.319,0.09,150000,95000
34,W 619/3-2Z,3,8,3,0.225,0.072,150000,75000
35,W 623,3,10,4,0.358,0.11,140000,90000
36,W 623 R-2Z,3,10,4,0.358,0.11,140000,70000
37,W 623-2RS1,3,10,4,0.358,0.11,None,40000
38,W 623-2Z,3,10,4,0.358,0.11,140000,70000
39,W 627/3 R-2Z,3,6,2.5,0.117,0.036,170000,85000
40,W 627/3-2Z,3,6,2.5,0.117,0.036,170000,85000
41,W 630/3-2Z,3,9,5,0.325,0.095,140000,70000
42,W 633,3,13,5,0.741,0.25,110000,70000
43,W 633-2RS1,3,13,5,0.741,0.25,None,32000
44,W 633-2Z,3,13,5,0.741,0.25,110000,56000
45,W 637/3-2Z,3,6,3,0.117,0.036,170000,85000
46,W 638/3-2RS1,3,7,3,0.178,0.057,None,45000
47,W 638/3-2Z,3,7,3,0.178,0.057,160000,80000
48,W 639/3-2RS1,3,8,4,0.319,0.09,None,43000
49,W 639/3-2Z,3,8,4,0.319,0.09,150000,75000
50,D/W R144,3.175,6.35,2.38,0.163,0.048,170000,100000
51,D/W R144 R,3.175,6.35,2.38,0.163,0.048,170000,100000
52,D/W R144 R-2Z,3.175,6.35,2.779,0.163,0.048,170000,85000
53,D/W R144-2Z,3.175,6.35,2.779,0.163,0.048,170000,85000
54,604-2Z,4,12,4,0.806,0.28,120000,60000
55,618/4,4,9,2.5,0.423,0.116,140000,85000
56,619/4,4,11,4,0.624,0.18,130000,80000
57,619/4-2Z,4,11,4,0.624,0.18,130000,63000
58,624,4,13,5,0.936,0.29,110000,67000
59,624-2Z,4,13,5,0.936,0.29,110000,53000
60,624-Z,4,13,5,0.936,0.29,110000,67000
61,628/4-2Z,4,9,3.5,0.423,0.116,140000,70000
62,634,4,16,5,1.11,0.38,95000,60000
63,634-2Z,4,16,5,1.11,0.38,95000,48000
64,638/4-2Z,4,9,4,0.423,0.116,140000,70000
65,W 604,4,12,4,0.54,0.176,130000,80000
66,W 604-2RS1,4,12,4,0.54,0.176,None,36000
67,W 604-2Z,4,12,4,0.54,0.176,130000,63000
68,W 617/4,4,7,2,0.178,0.057,150000,95000
69,W 617/4 X,4,8,2,0.225,0.072,150000,90000
70,W 618/4,4,9,2.5,0.364,0.114,140000,85000
71,W 619/4,4,11,4,0.54,0.176,130000,80000
72,W 619/4-2RS1,4,11,4,0.54,0.176,None,36000
73,W 619/4-2Z,4,11,4,0.54,0.176,130000,63000
74,W 624-2RS1,4,13,5,0.741,0.25,None,32000
75,W 624-2Z,4,13,5,0.741,0.25,110000,56000
76,W 627/4 R-2Z,4,7,2.5,0.143,0.053,150000,75000
77,W 627/4-2Z,4,7,2.5,0.143,0.053,150000,75000
78,W 634,4,16,5,0.761,0.265,100000,63000
79,W 634-2RS1,4,16,5,0.761,0.265,None,30000
80,W 634-2Z,4,16,5,0.761,0.265,100000,50000
81,W 637/4 X,4,10,3,0.553,0.245,130000,80000
82,W 637/4 X-2Z,4,8,3,0.225,0.072,150000,75000
83,W 638/4 R-2Z,4,9,4,0.364,0.114,140000,70000
84,W 638/4 X-2RS1,4,10,4,0.553,0.245,None,36000
85,W 638/4 X-2Z,4,10,4,0.553,0.245,130000,63000
86,W 638/4-2RS1,4,9,4,0.364,0.114,None,40000
87,W 638/4-2Z,4,9,4,0.364,0.114,140000,70000
88,D/W R166-2Z,4.762,9.525,3.175,0.403,0.137,130000,63000
89,D/W R3-2Z,4.762,12.7,4.978,0.741,0.25,110000,56000
90,618/5,5,11,3,0.468,0.143,120000,75000
91,619/5,5,13,4,0.884,0.335,110000,70000
92,619/5-2Z,5,13,4,0.884,0.335,110000,50000
93,625,5,16,5,1.14,0.38,95000,60000
94,625-2Z,5,16,5,1.14,0.38,95000,48000
95,625-Z,5,16,5,1.14,0.38,95000,60000
96,628/5-2Z,5,11,4,0.468,0.143,120000,60000
97,635,5,19,6,2.34,0.95,80000,50000
98,635-2Z,5,19,6,2.34,0.95,80000,40000
99,638/5-2Z,5,11,5,0.468,0.143,120000,60000
100,W 605,5,14,5,0.761,0.26,110000,67000
101,W 605-2RS1,5,14,5,0.761,0.26,None,30000
102,W 605-2Z,5,14,5,0.761,0.26,110000,53000
103,W 617/5,5,8,2,0.174,0.061,140000,85000
104,W 618/5,5,11,3,0.403,0.143,120000,75000
105,W 619/5,5,13,4,0.761,0.335,110000,70000
106,W 619/5 X-2Z,5,13,5,0.761,0.335,110000,56000
107,W 619/5-2RS1,5,13,4,0.761,0.335,None,32000
108,W 619/5-2Z,5,13,4,0.761,0.335,110000,56000
109,W 625,5,16,5,1.43,0.63,100000,63000
110,W 625-2RS1,5,16,5,1.43,0.63,None,28000
111,W 625-2Z,5,16,5,1.43,0.63,100000,50000
112,W 625-2Z/VT378,5,16,5,1.43,0.63,100000,50000
113,W 627/5 R-2Z,5,8,2.5,0.121,0.045,140000,70000
114,W 627/5-2Z,5,8,2.5,0.121,0.045,140000,70000
115,W 627/5-2ZS,5,8,2.5,0.121,0.045,140000,70000
116,W 628/5 R-2Z,5,11,4,0.403,0.143,120000,60000
117,W 628/5-2RS1,5,11,4,0.403,0.143,None,34000
118,W 628/5-2Z,5,11,4,0.403,0.143,120000,60000
119,W 635-2RS1,5,19,6,2.03,0.88,None,24000
120,W 635-2Z,5,19,6,2.03,0.88,85000,43000
121,W 637/5 X-2Z,5,9,3,0.247,0.085,130000,67000
122,W 638/5 R-2Z,5,11,5,0.403,0.143,120000,60000
123,W 638/5-2RS1,5,11,5,0.403,0.143,None,34000
124,W 638/5-2Z,5,11,5,0.403,0.143,120000,60000
125,WBB1-8705-2Z,5,10,4,0.247,0.085,130000,67000
126,618/6,6,13,3.5,0.715,0.224,110000,67000
127,619/6,6,15,5,0.884,0.27,100000,63000
128,619/6-2Z,6,15,5,0.884,0.27,100000,50000
129,626,6,19,6,2.34,0.95,80000,50000
130,626-2RSH,6,19,6,2.34,0.95,None,24000
131,626-2RSL,6,19,6,2.34,0.95,80000,40000
132,626-2Z,6,19,6,2.34,0.95,80000,40000
133,626-RSH,6,19,6,2.34,0.95,None,24000
134,626-Z,6,19,6,2.34,0.95,80000,50000
135,628/6-2Z,6,13,5,0.88,0.35,110000,53000
136,W 606,6,17,6,1.95,0.83,95000,60000
137,W 606-2RS1,6,17,6,1.95,0.83,None,26000
138,W 606-2Z,6,17,6,1.95,0.83,95000,48000
139,W 617/6,6,10,2.5,0.286,0.112,120000,75000
140,W 617/6 R,6,10,2.5,0.286,0.112,120000,75000
141,W 618/6,6,13,3.5,0.618,0.224,110000,67000
142,W 618/6 R,6,13,3.5,0.618,0.224,110000,67000
143,W 619/6,6,15,5,0.761,0.265,100000,63000
144,W 619/6 R-2Z,6,15,5,0.761,0.265,100000,50000
145,W 619/6 X-2RS1,6,16,5,0.761,0.265,None,30000
146,W 619/6 X-2Z,6,16,5,0.761,0.265,100000,50000
147,W 619/6-2RS1,6,15,5,0.761,0.265,None,30000
148,W 619/6-2Z,6,15,5,0.761,0.265,100000,50000
149,W 626,6,19,6,1.53,0.585,85000,56000
150,W 626 R-2Z,6,19,6,1.53,0.585,85000,43000
151,W 626-2RS1,6,19,6,1.53,0.585,None,24000
152,W 626-2Z,6,19,6,1.53,0.585,85000,43000
153,W 627/6 R-2Z,6,10,3,0.286,0.112,120000,60000
154,W 627/6 X,6,12,3,0.403,0.146,110000,70000
155,W 627/6-2Z,6,10,3,0.286,0.112,120000,60000
156,W 628/6 R-2Z,6,13,5,0.618,0.224,110000,53000
157,W 628/6-2RS1,6,13,5,0.618,0.224,None,30000
158,W 628/6-2Z,6,13,5,0.618,0.224,110000,53000
159,W 636,6,22,7,1.99,0.78,75000,48000
160,W 636-2RS1,6,22,7,1.99,0.78,None,22000
161,W 636-2Z,6,22,7,1.99,0.78,75000,38000
162,WBB1-8706 R-2Z,6,12,4,0.403,0.146,110000,56000
163,WBB1-8706-2RS1,6,12,4,0.403,0.146,None,32000
164,WBB1-8706-2Z,6,12,4,0.403,0.146,110000,56000
165,D/W R188 R-2Z,6.35,12.7,4.762,0.618,0.224,110000,53000
166,D/W R188-2Z,6.35,12.7,4.762,0.618,0.224,110000,53000
167,D/W R4 A-2Z,6.35,19.05,7.142,1.53,0.585,80000,40000
168,D/W R4-2Z,6.35,15.875,4.978,0.852,0.315,95000,48000
169,D/W R4A,6.35,19.05,5.558,1.53,0.585,80000,50000
170,607,7,19,6,2.34,0.95,85000,53000
171,607-2RSH,7,19,6,2.34,0.95,None,24000
172,607-2RSL,7,19,6,2.34,0.95,85000,43000
173,607-2Z,7,19,6,2.34,0.95,85000,43000
174,607-RSH,7,19,6,2.34,0.95,None,24000
175,607-Z,7,19,6,2.34,0.95,85000,53000
176,618/7,7,14,3.5,0.78,0.26,100000,63000
177,619/7,7,17,5,1.06,0.375,90000,56000
178,619/7-2Z,7,17,5,1.06,0.375,90000,45000
179,627,7,22,7,3.45,1.37,70000,45000
180,627-2RSH,7,22,7,3.45,1.37,None,22000
181,627-2RSL,7,22,7,3.45,1.37,70000,36000
182,627-2Z,7,22,7,3.45,1.37,70000,36000
183,627-Z,7,22,7,3.45,1.37,70000,45000
184,628/7-2Z,7,14,5,0.78,0.26,100000,50000
185,W 607,7,19,6,1.53,0.585,85000,56000
186,W 607-2RS1,7,19,6,1.53,0.585,None,24000
187,W 607-2Z,7,19,6,1.53,0.585,85000,43000
188,W 617/7,7,11,2.5,0.26,0.104,110000,70000
189,W 618/7,7,14,3.5,0.663,0.26,100000,63000
190,W 618/7 R,7,14,3.5,0.663,0.26,100000,63000
191,W 619/7,7,17,5,0.923,0.365,90000,56000
192,W 619/7-2RS1,7,17,5,0.923,0.365,None,26000
193,W 619/7-2Z,7,17,5,0.923,0.365,90000,45000
194,W 627,7,22,7,1.99,0.78,75000,48000
195,W 627 X,7,13,3,0.312,0.143,100000,63000
196,W 627-2RS1,7,22,7,1.99,0.78,None,22000
197,W 627-2Z,7,22,7,1.99,0.78,75000,38000
198,W 628/7 R-2Z,7,14,5,0.663,0.26,100000,50000
199,W 628/7-2RS1,7,14,5,0.663,0.26,None,28000
200,W 628/7-2Z,7,14,5,0.663,0.26,100000,50000
201,W 637,7,26,9,3.97,1.96,67000,40000
202,W 637-2RS1,7,26,9,3.97,1.96,None,19000
203,W 637-2Z,7,26,9,3.97,1.96,67000,32000
204,607/8-2Z,8,19,6,2.34,0.95,85000,43000
205,608,8,22,7,3.45,1.37,75000,48000
206,608-2RSH,8,22,7,3.45,1.37,None,22000
207,608-2RSL,8,22,7,3.45,1.37,75000,38000
208,608-2Z,8,22,7,3.45,1.37,75000,38000
209,608-RSH,8,22,7,3.45,1.37,None,22000
210,608-Z,8,22,7,3.45,1.37,75000,48000
211,618/8,8,16,4,0.819,0.3,90000,56000
212,619/8,8,19,6,1.46,0.465,85000,53000
213,619/8-2RS1,8,19,6,1.46,0.465,None,24000
214,619/8-2Z,8,19,6,1.46,0.465,85000,43000
215,628-2RS1,8,24,8,3.9,1.66,None,19000
216,628-2Z,8,24,8,3.9,1.66,63000,32000
217,628/8-2RS1,8,16,5,1.33,0.57,None,26000
218,628/8-2Z,8,16,5,1.33,0.57,90000,45000
219,630/8-2RS1,8,22,11,3.45,1.37,None,22000
220,638/8-2Z,8,16,6,0.819,0.3,90000,45000
221,W 608,8,22,7,1.99,0.78,75000,48000
222,W 608 R,8,22,7,1.99,0.78,75000,48000
223,W 608 R-2Z,8,22,7,1.99,0.78,75000,38000
224,W 608-2RS1,8,22,7,1.99,0.78,None,22000
225,W 608-2RS1/VP311,8,22,7,1.99,0.78,None,22000
226,W 608-2Z,8,22,7,1.99,0.78,75000,38000
227,W 617/8,8,12,2.5,0.312,0.14,100000,63000
228,W 618/8,8,16,4,0.715,0.3,90000,56000
229,W 618/8-2Z,8,16,4,0.715,0.3,90000,45000
230,W 619/8,8,19,6,1.25,0.455,85000,53000
231,W 619/8 R-2Z,8,19,6,1.25,0.455,85000,43000
232,W 619/8-2RS1,8,19,6,1.25,0.455,None,24000
233,W 619/8-2Z,8,19,6,1.25,0.455,85000,43000
234,W 628,8,24,8,2.47,1.12,70000,45000
235,W 628-2RS1,8,24,8,2.47,1.12,None,20000
236,W 628-2Z,8,24,8,2.47,1.12,70000,36000
237,W 628/8 R-2Z,8,16,5,0.715,0.3,90000,45000
238,W 628/8-2RS1,8,16,5,0.715,0.3,None,26000
239,W 628/8-2Z,8,16,5,0.715,0.3,90000,45000
240,W 628/8-2Z/VT378,8,16,5,0.715,0.3,90000,45000
241,W 637/8 R-2Z,8,12,3.5,0.312,0.14,100000,53000
242,W 637/8 X,8,14,3.5,0.462,0.193,95000,60000
243,W 637/8-2Z,8,12,3.5,0.312,0.14,100000,53000
244,W 638,8,28,9,3.97,1.96,67000,40000
245,W 638-2RS1,8,28,9,3.97,1.96,None,19000
246,W 638-2Z,8,28,9,3.97,1.96,67000,32000
247,W 638/8 R-2Z,8,16,6,0.715,0.3,90000,45000
248,W 638/8-2Z,8,16,6,0.715,0.3,90000,45000
249,WBB1-8708-2RS1,8,14,4,0.462,0.193,None,28000
250,WBB1-8708-2Z,8,14,4,0.462,0.193,95000,48000
251,609,9,24,7,3.9,1.66,70000,43000
252,609-2RSH,9,24,7,3.9,1.66,None,19000
253,609-2RSL,9,24,7,3.9,1.66,70000,34000
254,609-2Z,9,24,7,3.9,1.66,70000,34000
255,609-RSH,9,24,7,3.9,1.66,None,19000
256,609-Z,9,24,7,3.9,1.66,70000,43000
257,618/9,9,17,4,0.871,0.34,85000,53000
258,619/9,9,20,6,2.34,0.98,80000,50000
259,619/9-2Z,9,20,6,2.34,0.98,80000,40000
260,628/9-2RS1,9,17,5,0.871,0.34,None,24000
261,628/9-2Z,9,17,5,0.871,0.34,85000,43000
262,628/9-Z,9,17,5,0.871,0.34,85000,53000
263,629,9,26,8,4.75,1.96,60000,38000
264,629-2RSH,9,26,8,4.75,1.96,None,19000
265,629-2RSL,9,26,8,4.75,1.96,60000,30000
266,629-2Z,9,26,8,4.75,1.96,60000,30000
267,629-Z,9,26,8,4.75,1.96,60000,38000
268,W 609,9,24,7,2.03,0.815,70000,43000
269,W 609-2RS1,9,24,7,2.03,0.815,None,20000
270,W 609-2Z,9,24,7,2.03,0.815,70000,36000
271,W 617/9,9,14,3,0.52,0.236,95000,60000
272,W 618/9,9,17,4,0.761,0.335,85000,53000
273,W 619/9,9,20,6,1.95,0.93,80000,50000
274,W 619/9-2RS1,9,20,6,1.95,0.93,None,22000
275,W 619/9-2Z,9,20,6,1.95,0.93,80000,40000
276,W 628/9-2RS1,9,17,5,0.761,0.335,None,24000
277,W 628/9-2Z,9,17,5,0.761,0.335,85000,43000
278,W 629,9,26,8,3.97,1.96,67000,40000
279,W 629-2RS1,9,26,8,3.97,1.96,None,19000
280,W 629-2Z,9,26,8,3.97,1.96,67000,32000
281,W 638/9-2Z,9,17,6,0.761,0.335,85000,43000
282,W 639,9,30,10,4.36,2.32,60000,36000
283,W 639-2RS1,9,30,10,4.36,2.32,None,16000
284,W 639-2Z,9,30,10,4.36,2.32,60000,30000
285,D/W R6-2Z,9.525,22.225,7.142,2.47,1.12,70000,36000
286,16100,10,28,8,5.07,2.36,60000,38000
287,16100-2Z,10,28,8,5.07,2.36,60000,30000
288,4200 ATN9,10,30,14,9.23,5.2,40000,22000
289,6000,10,26,8,4.75,1.96,67000,40000
290,6000-2RSH,10,26,8,4.75,1.96,None,19000
291,6000-2RSH/VA947,10,26,8,4.75,1.96,None,19000
292,6000-2RSL,10,26,8,4.75,1.96,67000,34000
293,6000-2Z,10,26,8,4.75,1.96,67000,34000
294,6000-RSH,10,26,8,4.75,1.96,None,19000
295,6000-RSL,10,26,8,4.75,1.96,67000,40000
296,6000-Z,10,26,8,4.75,1.96,67000,40000
297,61800,10,19,5,1.72,0.83,80000,48000
298,61800-2RS1,10,19,5,1.72,0.83,None,22000
299,61800-2Z,10,19,5,1.72,0.83,80000,38000
300,61900,10,22,6,2.7,1.27,70000,45000
301,61900-2RS1,10,22,6,2.7,1.27,None,20000
302,61900-2Z,10,22,6,2.7,1.27,70000,36000
303,6200,10,30,9,5.4,2.36,56000,36000
304,6200-2RSH,10,30,9,5.4,2.36,None,17000
305,6200-2RSH/VA947,10,30,9,5.4,2.36,None,17000
306,6200-2RSL,10,30,9,5.4,2.36,56000,28000
307,6200-2Z,10,30,9,5.4,2.36,56000,28000
308,6200-2ZNR,10,30,9,5.4,2.36,56000,28000
309,6200-RSH,10,30,9,5.4,2.36,None,17000
310,6200-Z,10,30,9,5.4,2.36,56000,36000
311,62200-2RS1,10,30,14,5.07,2.36,None,17000
312,62300-2RS1,10,35,17,8.06,3.4,None,15000
313,6300,10,35,11,8.52,3.4,50000,32000
314,6300-2RSH,10,35,11,8.52,3.4,None,15000
315,6300-2Z,10,35,11,8.52,3.4,50000,26000
316,6300-Z,10,35,11,8.52,3.4,50000,32000
317,63000-2RS1,10,26,12,4.62,1.96,None,19000
318,W 6000,10,26,8,3.97,1.96,67000,40000
319,W 6000-2RS1,10,26,8,3.97,1.96,None,19000
320,W 6000-2RS1/VP311,10,26,8,3.97,1.96,None,19000
321,W 6000-2Z,10,26,8,3.97,1.96,67000,32000
322,W 61700,10,15,3,0.488,0.22,85000,56000
323,W 61700 X-2RS1,10,15,4,0.488,0.22,None,24000
324,W 61700 X-2ZS,10,15,4,0.488,0.22,85000,43000
325,W 61700 XR-2RS1,10,15,4,0.488,0.22,None,24000
326,W 61800,10,19,5,1.48,0.83,80000,48000
327,W 61800-2RS1,10,19,5,1.48,0.83,None,22000
328,W 61800-2Z,10,19,5,1.48,0.83,80000,38000
329,W 61900,10,22,6,2.34,1.25,70000,45000
330,W 61900 R-2Z,10,22,6,2.34,1.25,70000,36000
331,W 61900-2RS1,10,22,6,2.34,1.25,None,20000
332,W 61900-2Z,10,22,6,2.34,1.25,70000,36000
333,W 61900-2Z/VT378,10,22,6,2.34,1.25,70000,36000
334,W 6200,10,30,9,4.36,2.32,60000,36000
335,W 6200-2RS1,10,30,9,4.36,2.32,None,16000
336,W 6200-2RS1/VP311,10,30,9,4.36,2.32,None,16000
337,W 6200-2Z,10,30,9,4.36,2.32,60000,30000
338,W 6300,10,35,11,7.02,3.4,53000,34000
339,W 6300-2RS1,10,35,11,7.02,3.4,None,15000
340,W 6300-2Z,10,35,11,7.02,3.4,53000,26000
341,W 63800 R-2Z,10,19,7,1.48,0.83,80000,38000
342,W 63800-2Z,10,19,7,1.48,0.83,80000,38000
343,16101,12,30,8,5.07,2.36,60000,38000
344,16101-2RS1,12,30,8,5.07,2.36,None,17000
345,16101-2Z,12,30,8,5.07,2.36,56000,28000
346,4201 ATN9,12,32,14,10.6,6.2,36000,20000
347,4301 ATN9,12,37,17,13,7.8,34000,18000
348,6001,12,28,8,5.4,2.36,60000,38000
349,6001-2RSH,12,28,8,5.4,2.36,None,17000
350,6001-2RSH/VA947,12,28,8,5.4,2.36,None,17000
351,6001-2RSL,12,28,8,5.4,2.36,60000,30000
352,6001-2Z,12,28,8,5.4,2.36,60000,30000
353,6001-RSH,12,28,8,5.4,2.36,None,17000
354,6001-RSL,12,28,8,5.4,2.36,60000,38000
355,6001-Z,12,28,8,5.4,2.36,60000,38000
356,61801,12,21,5,1.74,0.915,70000,43000
357,61801-2RS1,12,21,5,1.74,0.915,None,20000
358,61801-2Z,12,21,5,1.74,0.915,70000,36000
359,61901,12,24,6,2.91,1.46,67000,40000
360,61901-2RS1,12,24,6,2.91,1.46,None,19000
361,61901-2Z,12,24,6,2.91,1.46,67000,32000
362,6201,12,32,10,7.28,3.1,50000,32000
363,6201 NR,12,32,10,7.28,3.1,50000,32000
364,6201-2RSH,12,32,10,7.28,3.1,None,15000
365,6201-2RSH/VA947,12,32,10,7.28,3.1,None,15000
366,6201-2RSL,12,32,10,7.28,3.1,50000,26000
367,6201-2Z,12,32,10,7.28,3.1,50000,26000
368,6201-2ZNR,12,32,10,7.28,3.1,50000,26000
369,6201-RSH,12,32,10,7.28,3.1,None,15000
370,6201-RSL,12,32,10,7.28,3.1,50000,32000
371,6201-Z,12,32,10,7.28,3.1,50000,32000
372,62201-2RS1,12,32,14,6.89,3.1,None,15000
373,62301-2RS1,12,37,17,9.75,4.15,None,14000
374,63001-2RS1,12,28,12,5.07,2.36,None,17000
375,6301,12,37,12,10.1,4.15,45000,28000
376,6301-2RSH,12,37,12,10.1,4.15,None,14000
377,6301-2RSH/VA947,12,37,12,10.1,4.15,None,14000
378,6301-2Z,12,37,12,10.1,4.15,45000,22000
379,6301-RSH,12,37,12,10.1,4.15,None,14000
380,6301-Z,12,37,12,10.1,4.15,45000,22000
381,ICOS-D1B01 TN9,12,32,10,7.28,3.1,None,14000
382,W 6001,12,28,8,4.42,2.36,60000,36000
383,W 6001-2RS1,12,28,8,4.42,2.36,None,16000
384,W 6001-2RS1/VP311,12,28,8,4.42,2.36,None,16000
385,W 6001-2Z,12,28,8,4.42,2.36,60000,30000
386,W 61701-2RS1,12,18,4,0.527,0.265,None,22000
387,W 61701-2ZS,12,18,4,0.527,0.265,75000,38000
388,W 61801,12,21,5,1.51,0.9,70000,43000
389,W 61801 R,12,21,5,1.51,0.9,70000,43000
390,W 61801-2RS1,12,21,5,1.51,0.9,None,20000
391,W 61801-2Z,12,21,5,1.51,0.9,70000,36000
392,W 61901,12,24,6,2.51,1.46,67000,40000
393,W 61901 R-2RS1,12,24,6,2.51,1.46,None,19000
394,W 61901-2RS1,12,24,6,2.51,1.46,None,19000
395,W 61901-2Z,12,24,6,2.51,1.46,67000,32000
396,W 6201,12,32,10,5.72,3,53000,34000
397,W 6201-2RS1,12,32,10,5.72,3,None,15000
398,W 6201-2RS1/VP311,12,32,10,5.72,3,None,15000
399,W 6201-2Z,12,32,10,5.72,3,53000,28000
400,W 6301,12,37,12,8.32,4.15,48000,30000
401,W 6301-2RS1,12,37,12,8.32,4.15,None,14000
402,W 6301-2Z,12,37,12,8.32,4.15,48000,24000
403,W 63801-2RS1,12,21,7,1.51,0.9,None,20000
404,D/W R8-2Z,12.7,28.575,7.938,4.42,2.36,60000,30000
405,16002,15,32,8,5.85,2.85,50000,32000
406,16002-2Z,15,32,8,5.85,2.85,50000,26000
407,16002-Z,15,32,8,5.85,2.85,50000,26000
408,4202 ATN9,15,35,14,11.9,7.5,32000,17000
409,4302 ATN9,15,42,17,14.8,9.5,28000,15000
410,6002,15,32,9,5.85,2.85,50000,32000
411,6002-2RSH,15,32,9,5.85,2.85,None,14000
412,6002-2RSH/VA947,15,32,9,5.85,2.85,None,14000
413,6002-2RSL,15,32,9,5.85,2.85,50000,26000
414,6002-2Z,15,32,9,5.85,2.85,50000,26000
415,6002-RSH,15,32,9,5.85,2.85,None,14000
416,6002-RSL,15,32,9,5.85,2.85,50000,32000
417,6002-Z,15,32,9,5.85,2.85,50000,32000
418,61802,15,24,5,1.9,1.1,60000,38000
419,61802-2RS1,15,24,5,1.9,1.1,None,17000
420,61802-2Z,15,24,5,1.9,1.1,60000,30000
421,61902,15,28,7,4.36,2.24,56000,34000
422,61902-2RS1,15,28,7,4.36,2.24,None,16000
423,61902-2RZ,15,28,7,4.36,2.24,56000,28000
424,61902-2Z,15,28,7,4.36,2.24,56000,28000
425,6202,15,35,11,8.06,3.75,43000,28000
426,6202 NR,15,35,11,8.06,3.75,43000,28000
427,6202-2RSH,15,35,11,8.06,3.75,None,13000
428,6202-2RSH/VA947,15,35,11,8.06,3.75,None,13000
429,6202-2RSL,15,35,11,8.06,3.75,43000,22000
430,6202-2Z,15,35,11,8.06,3.75,43000,22000
431,6202-2ZNR,15,35,11,8.06,3.75,43000,22000
432,6202-RSH,15,35,11,8.06,3.75,None,13000
433,6202-Z,15,35,11,8.06,3.75,43000,28000
434,62202-2RS1,15,35,14,7.8,3.75,None,13000
435,62302-2RS1,15,42,17,11.4,5.4,None,12000
436,63002-2RS1,15,32,13,5.59,2.85,None,14000
437,6302,15,42,13,11.9,5.4,38000,24000
438,6302-2RSH,15,42,13,11.9,5.4,None,12000
439,6302-2RSH/VA947,15,42,13,11.9,5.4,None,12000
440,6302-2RSL,15,42,13,11.9,5.4,38000,19000
441,6302-2Z,15,42,13,11.9,5.4,38000,19000
442,6302-RSH,15,42,13,11.9,5.4,None,12000
443,6302-Z,15,42,13,11.9,5.4,38000,24000
444,ICOS-D1B02 TN9,15,35,11,8.06,3.75,None,12000
445,W 6002,15,32,9,4.88,2.8,50000,32000
446,W 6002-2RS1,15,32,9,4.88,2.8,None,14000
447,W 6002-2RS1/VP311,15,32,9,4.88,2.8,None,14000
448,W 6002-2Z,15,32,9,4.88,2.8,50000,26000
449,W 61702-2RS1,15,21,4,0.527,0.29,None,19000
450,W 61802 R,15,24,5,1.65,1.08,60000,38000
451,W 61802-2RS1,15,24,5,1.65,1.08,None,17000
452,W 61802-2Z,15,24,5,1.65,1.08,60000,30000
453,W 61902,15,28,7,3.71,2.24,56000,34000
454,W 61902-2RS1,15,28,7,3.71,2.24,None,16000
455,W 61902-2Z,15,28,7,3.71,2.24,56000,28000
456,W 6202,15,35,11,6.37,3.6,48000,30000
457,W 6202-2RS1,15,35,11,6.37,3.6,None,13000
458,W 6202-2RS1/VP311,15,35,11,6.37,3.6,None,13000
459,W 6202-2Z,15,35,11,6.37,3.6,48000,24000
460,W 6302,15,42,13,9.95,5.4,40000,26000
461,W 6302-2RS1,15,42,13,9.95,5.4,None,11000
462,W 6302-2Z,15,42,13,9.95,5.4,40000,20000
463,D/W R10-2RS1,15.875,34.925,8.733,4.94,3.15,None,13000
464,16003,17,35,8,6.37,3.25,45000,28000
465,16003-2Z,17,35,8,6.37,3.25,45000,22000
466,4203 ATN9,17,40,16,14.8,9.5,28000,15000
467,4303 ATN9,17,47,19,19.5,13.2,24000,13000
468,6003,17,35,10,6.37,3.25,45000,28000
469,6003-2RSH,17,35,10,6.37,3.25,None,13000
470,6003-2RSH/VA947,17,35,10,6.37,3.25,None,13000
471,6003-2RSL,17,35,10,6.37,3.25,45000,22000
472,6003-2Z,17,35,10,6.37,3.25,45000,22000
473,6003-RSH,17,35,10,6.37,3.25,None,13000
474,6003-RSL,17,35,10,6.37,3.25,45000,28000
475,6003-Z,17,35,10,6.37,3.25,45000,28000
476,61803,17,26,5,2.03,1.27,56000,34000
477,61803-2RS1,17,26,5,2.03,1.27,None,16000
478,61803-2RZ,17,26,5,2.03,1.27,56000,28000
479,61803-2Z,17,26,5,2.03,1.27,56000,28000
480,61903,17,30,7,4.62,2.55,50000,32000
481,61903-2RS1,17,30,7,4.62,2.55,None,14000
482,61903-2RZ,17,30,7,4.62,2.55,50000,26000
483,61903-2Z,17,30,7,4.62,2.55,50000,26000
484,6203,17,40,12,9.95,4.75,38000,24000
485,6203 NR,17,40,12,9.95,4.75,38000,24000
486,6203-2RSH,17,40,12,9.95,4.75,None,12000
487,6203-2RSH/VA947,17,40,12,9.95,4.75,None,12000
488,6203-2RSL,17,40,12,9.95,4.75,38000,19000
489,6203-2Z,17,40,12,9.95,4.75,38000,19000
490,6203-2ZNR,17,40,12,9.95,4.75,38000,19000
491,6203-RSH,17,40,12,9.95,4.75,None,12000
492,6203-Z,17,40,12,9.95,4.75,38000,24000
493,6203-ZNR,17,40,12,9.95,4.75,38000,24000
494,62203-2RS1,17,40,16,9.56,4.75,None,12000
495,62303-2RS1,17,47,19,13.5,6.55,None,11000
496,63003-2RS1,17,35,14,6.05,3.25,None,13000
497,6303,17,47,14,14.3,6.55,34000,22000
498,6303-2RSH,17,47,14,14.3,6.55,None,11000
499,6303-2RSH/VA947,17,47,14,14.3,6.55,None,11000
500,6303-2Z,17,47,14,14.3,6.55,34000,17000
501,6303-2ZNR,17,47,14,14.3,6.55,34000,17000
502,6303-RSH,17,47,14,14.3,6.55,None,11000
503,6303-Z,17,47,14,14.3,6.55,34000,22000
504,6403,17,62,17,22.9,10.8,28000,18000
505,ICOS-D1B03 TN9,17,40,12,9.95,4.75,None,11000
506,W 6003,17,35,10,4.94,3.15,45000,28000
507,W 6003-2RS1,17,35,10,4.94,3.15,None,13000
508,W 6003-2RS1/VP311,17,35,10,4.94,3.15,None,13000
509,W 6003-2Z,17,35,10,4.94,3.15,45000,22000
510,W 61703,17,23,4,0.559,0.34,60000,38000
511,W 61703-2RS1,17,23,4,0.559,0.34,None,17000
512,W 61803-2RS1,17,26,5,1.78,1.27,None,16000
513,W 61803-2RZ,17,26,5,1.78,1.27,56000,28000
514,W 61803-2Z,17,26,5,1.78,1.27,56000,28000
515,W 61903,17,30,7,3.97,2.55,50000,32000
516,W 61903-2RS1,17,30,7,3.97,2.55,None,14000
517,W 61903-2Z,17,30,7,3.97,2.55,50000,24000
518,W 6203,17,40,12,8.06,4.75,40000,26000
519,W 6203-2RS1,17,40,12,8.06,4.75,None,12000
520,W 6203-2RS1/VP311,17,40,12,8.06,4.75,None,12000
521,W 6203-2Z,17,40,12,8.06,4.75,40000,20000
522,W 6303,17,47,14,11.7,6.55,36000,22000
523,W 6303-2RS1,17,47,14,11.7,6.55,None,10000
524,W 6303-2Z,17,47,14,11.7,6.55,36000,18000
525,D/W R12-2Z,19.05,41.275,11.113,8.06,5,38000,19000
526,16004,20,42,8,7.28,4.05,38000,24000
527,4204 ATN9,20,47,18,17.8,12.5,24000,13000
528,4304 ATN9,20,52,21,23.4,16,22000,12000
529,6004,20,42,12,9.95,5,38000,24000
530,6004 NR,20,42,12,9.95,5,38000,24000
531,6004-2RSH,20,42,12,9.95,5,None,11000
532,6004-2RSH/VA947,20,42,12,9.95,5,None,11000
533,6004-2RSL,20,42,12,9.95,5,38000,19000
534,6004-2Z,20,42,12,9.95,5,38000,19000
535,6004-2ZNR,20,42,12,9.95,5,38000,19000
536,6004-RSH,20,42,12,9.95,5,None,11000
537,6004-RSL,20,42,12,9.95,5,38000,19000
538,61804,20,32,7,4.03,2.32,45000,28000
539,61804-2RS1,20,32,7,4.03,2.32,None,13000
540,61804-2RZ,20,32,7,4.03,2.32,45000,22000
541,61904,20,37,9,6.37,3.65,43000,26000
542,61904-2RS1,20,37,9,6.37,3.65,None,12000
543,61904-2RZ,20,37,9,6.37,3.65,43000,20000
544,6204,20,47,14,13.5,6.55,32000,20000
545,6204 ETN9,20,47,14,15.6,7.65,32000,20000
546,6204 N,20,47,14,13.5,6.55,32000,20000
547,6204 NR,20,47,14,13.5,6.55,32000,20000
548,6204-2RSH,20,47,14,13.5,6.55,None,10000
549,6204-2RSH/VA947,20,47,14,13.5,6.55,None,10000
550,6204-2RSL,20,47,14,13.5,6.55,32000,17000
551,6204-2Z,20,47,14,13.5,6.55,32000,17000
552,6204-2ZNR,20,47,14,13.5,6.55,32000,17000
553,6204-RSH,20,47,14,13.5,6.55,None,10000
554,6204-Z,20,47,14,13.5,6.55,32000,20000
555,6204-ZNR,20,47,14,13.5,6.55,32000,20000
556,62204-2RS1,20,47,18,12.7,6.55,None,10000
557,62304-2RS1,20,52,21,15.9,7.8,None,9500
558,6304,20,52,15,16.8,7.8,30000,19000
559,6304 ETN9,20,52,15,18.2,9,30000,19000
560,6304 N,20,52,15,16.8,7.8,30000,19000
561,6304 NR,20,52,15,16.8,7.8,30000,19000
562,6304-2RSH,20,52,15,16.8,7.8,None,9500
563,6304-2RSH/VA947,20,52,15,16.8,7.8,None,9500
564,6304-2RSL,20,52,15,16.8,7.8,30000,15000
565,6304-2Z,20,52,15,16.8,7.8,30000,15000
566,6304-2ZNR,20,52,15,16.8,7.8,30000,15000
567,6304-RSH,20,52,15,16.8,7.8,None,9500
568,6304-Z,20,52,15,16.8,7.8,30000,19000
569,6304-ZNR,20,52,15,16.8,7.8,30000,19000
570,6404,20,72,19,30.7,15,24000,15000
571,ICOS-D1B04 TN9,20,47,14,13.5,6.55,None,9300
572,W 6004,20,42,12,8.06,5,38000,24000
573,W 6004-2RS1,20,42,12,8.06,5,None,11000
574,W 6004-2RS1/VP311,20,42,12,8.06,5,None,11000
575,W 6004-2Z,20,42,12,8.06,5,38000,19000
576,W 61704,20,27,4,0.585,0.39,50000,32000
577,W 61704-2RS1,20,27,4,0.585,0.39,None,14000
578,W 61704-2ZS,20,27,4,0.585,0.39,50000,26000
579,W 61804-2RS1,20,32,7,3.12,2.08,None,13000
580,W 61804-2RZ,20,32,7,3.12,2.08,48000,24000
581,W 61804-2Z,20,32,7,3.12,2.08,48000,24000
582,W 61904,20,37,9,5.53,3.65,43000,26000
583,W 61904-2RS1,20,37,9,5.53,3.65,None,12000
584,W 61904-2Z,20,37,9,5.53,3.65,43000,20000
585,W 6204,20,47,14,10.8,6.55,34000,22000
586,W 6204-2RS1,20,47,14,10.8,6.55,None,10000
587,W 6204-2RS1/VP311,20,47,14,10.8,6.55,None,10000
588,W 6204-2Z,20,47,14,10.8,6.55,34000,17000
589,W 6304,20,52,15,13.8,7.8,34000,20000
590,W 6304-2RS1,20,52,15,13.8,7.8,None,9500
591,W 6304-2Z,20,52,15,13.8,7.8,34000,17000
592,62/22,22,50,14,14,7.65,30000,19000
593,62/22-2RS1,22,50,14,14,7.65,None,9000
594,63/22,22,56,16,18.6,9.3,28000,18000
595,16005,25,47,8,8.06,4.75,32000,20000
596,305,25,62,17,22.9,15.6,20000,13000
597,305 NR,25,62,17,22.9,15.6,20000,13000
598,305-2Z,25,62,17,22.9,15.6,20000,10400
599,305-2ZNR,25,62,17,22.9,15.6,20000,10400
600,305-Z,25,62,17,22.9,15.6,20000,13000
601,305-ZNR,25,62,17,22.9,15.6,20000,13000
602,4205 ATN9,25,52,18,19,14.6,20000,11000
603,4305 ATN9,25,62,24,31.9,22.4,18000,10000
604,6005,25,47,12,11.9,6.55,32000,20000
605,6005 N,25,47,12,11.9,6.55,32000,20000
606,6005 NR,25,47,12,11.9,6.55,32000,20000
607,6005-2RSH,25,47,12,11.9,6.55,None,9500
608,6005-2RSH/VA947,25,47,12,11.9,6.55,None,9500
609,6005-2RSL,25,47,12,11.9,6.55,32000,16000
610,6005-2Z,25,47,12,11.9,6.55,32000,16000
611,6005-2ZNR,25,47,12,11.9,6.55,32000,16000
612,6005-RSH,25,47,12,11.9,6.55,None,20000
613,6005-RSL,25,47,12,11.9,6.55,32000,20000
614,6005-Z,25,47,12,11.9,6.55,32000,20000
615,61805,25,37,7,4.36,2.6,38000,24000
616,61805-2RS1,25,37,7,4.36,2.6,None,11000
617,61805-2RZ,25,37,7,4.36,2.6,38000,19000
618,61905,25,42,9,7.02,4.3,36000,22000
619,61905-2RS1,25,42,9,7.02,4.3,None,10000
620,61905-2RZ,25,42,9,7.02,4.3,36000,18000
621,6205,25,52,15,14.8,7.8,28000,18000
622,6205 ETN9,25,52,15,17.8,9.3,28000,18000
623,6205 N,25,52,15,14.8,7.8,28000,18000
624,6205 NR,25,52,15,14.8,7.8,28000,18000
625,6205-2RSH,25,52,15,14.8,7.8,None,8500
626,6205-2RSH/VA947,25,52,15,14.8,7.8,None,8500
627,6205-2RSL,25,52,15,14.8,7.8,28000,14000
628,6205-2Z,25,52,15,14.8,7.8,28000,14000
629,6205-2ZNR,25,52,15,14.8,7.8,28000,14000
630,6205-RSH,25,52,15,14.8,7.8,None,8500
631,6205-Z,25,52,15,14.8,7.8,28000,18000
632,6205-ZNR,25,52,15,14.8,7.8,28000,18000
633,62205-2RS1,25,52,18,14,7.8,None,8500
634,62305-2RS1,25,62,24,22.5,11.6,None,7500
635,63005-2RS1,25,47,16,11.2,6.55,None,9500
636,6305,25,62,17,23.4,11.6,24000,16000
637,6305 ETN9,25,62,17,26,13.4,24000,16000
638,6305 N,25,62,17,23.4,11.6,24000,16000
639,6305 NR,25,62,17,23.4,11.6,24000,16000
640,6305-2RS1,25,62,17,23.4,11.6,None,7500
641,6305-2RSH/VA947,25,62,17,23.4,11.6,None,7500
642,6305-2RZ,25,62,17,23.4,11.6,24000,13000
643,6305-2Z,25,62,17,23.4,11.6,24000,13000
644,6305-2ZNR,25,62,17,23.4,11.6,24000,13000
645,6305-RS1,25,62,17,23.4,11.6,None,7500
646,6305-Z,25,62,17,23.4,11.6,24000,16000
647,6305-ZNR,25,62,17,23.4,11.6,24000,16000
648,6405,25,80,21,35.8,19.3,20000,13000
649,ICOS-D1B05 TN9,25,52,15,14.8,7.8,None,7700
650,W 6005,25,47,12,8.71,5.85,32000,20000
651,W 6005-2RS1,25,47,12,8.71,5.85,None,9500
652,W 6005-2RS1/VP311,25,47,12,8.71,5.85,None,9500
653,W 6005-2Z,25,47,12,8.71,5.85,32000,16000
654,W 61705,25,32,4,0.618,0.465,43000,26000
655,W 61705-2RS1,25,32,4,0.618,0.465,None,12000
656,W 61805-2RS1,25,37,7,3.38,2.5,None,11000
657,W 61805-2RZ,25,37,7,3.38,2.5,38000,19000
658,W 61805-2Z,25,37,7,3.38,2.5,38000,19000
659,W 61905-2RS1,25,42,9,6.05,4.5,None,10000
660,W 61905-2Z,25,42,9,6.05,4.5,34000,17000
661,W 6205,25,52,15,11.7,7.65,30000,19000
662,W 6205-2RS1,25,52,15,11.7,7.65,None,8500
663,W 6205-2RS1/VP311,25,52,15,11.7,7.65,None,8500
664,W 6205-2Z,25,52,15,11.7,7.65,30000,15000
665,W 6305,25,62,17,17.8,11.2,26000,17000
666,W 6305-2RS1,25,62,17,17.8,11.2,None,7500
667,W 6305-2Z,25,62,17,17.8,11.2,26000,13000
668,62/28,28,58,16,16.8,9.5,26000,16000
669,16006,30,55,9,11.9,7.35,28000,17000
670,206,30,62,16,20.9,16.3,20000,12000
671,206 NR,30,62,16,20.9,16.3,20000,12000
672,206-2Z,30,62,16,20.9,16.3,20000,9600
673,206-2ZNR,30,62,16,20.9,16.3,20000,9600
674,206-Z,30,62,16,20.9,16.3,20000,12000
675,206-ZNR,30,62,16,20.9,16.3,20000,12000
676,306,30,72,19,29.7,21.6,18000,11000
677,306 NR,30,72,19,29.7,21.6,18000,11000
678,306-2Z,30,72,19,29.7,21.6,18000,8800
679,306-2ZNR,30,72,19,29.7,21.6,18000,8800
680,306-Z,30,72,19,29.7,21.6,18000,11000
681,306-ZNR,30,72,19,29.7,21.6,18000,11000
682,4206 ATN9,30,62,20,26,20.8,17000,9500
683,4306 ATN9,30,72,27,41,30,16000,8500
684,6006,30,55,13,13.8,8.3,28000,17000
685,6006 N,30,55,13,13.8,8.3,28000,17000
686,6006 NR,30,55,13,13.8,8.3,28000,17000
687,6006-2RS1,30,55,13,13.8,8.3,None,8000
688,6006-2RZ,30,55,13,13.8,8.3,28000,14000
689,6006-2Z,30,55,13,13.8,8.3,28000,14000
690,6006-RS1,30,55,13,13.8,8.3,None,8000
691,6006-Z,30,55,13,13.8,8.3,28000,17000
692,61806,30,42,7,4.1,2.9,32000,20000
693,61806-2RS1,30,42,7,4.1,2.9,None,9500
694,61806-2RZ,30,42,7,4.1,2.9,32000,16000
695,61906,30,47,9,7.28,4.55,30000,19000
696,61906-2RS1,30,47,9,7.28,4.55,None,8500
697,61906-2RZ,30,47,9,7.28,4.55,30000,15000
698,6206,30,62,16,20.3,11.2,24000,15000
699,6206 ETN9,30,62,16,23.4,12.9,24000,15000
700,6206 N,30,62,16,20.3,11.2,24000,15000
701,6206 NR,30,62,16,20.3,11.2,24000,15000
702,6206-2RS1,30,62,16,20.3,11.2,None,8000
703,6206-2RSH/VA947,30,62,16,20.3,11.2,None,7500
704,6206-2RZ,30,62,16,20.3,11.2,24000,12000
705,6206-2Z,30,62,16,20.3,11.2,24000,12000
706,6206-2ZNR,30,62,16,20.3,11.2,24000,12000
707,6206-RS1,30,62,16,20.3,11.2,None,7500
708,6206-RZ,30,62,16,20.3,11.2,24000,12000
709,6206-Z,30,62,16,20.3,11.2,24000,15000
710,6206-ZNR,30,62,16,20.3,11.2,24000,15000
711,62206-2RS1,30,62,20,19.5,11.2,None,7500
712,62306-2RS1,30,72,27,28.1,16,None,6300
713,63006-2RS1,30,55,19,13.3,8.3,None,8000
714,6306,30,72,19,29.6,16,20000,13000
715,6306 N,30,72,19,29.6,16,20000,13000
716,6306 NR,30,72,19,29.6,16,20000,13000
717,6306-2RS1,30,72,19,29.6,16,None,6300
718,6306-2RZ,30,72,19,29.6,16,20000,11000
719,6306-2Z,30,72,19,29.6,16,20000,11000
720,6306-2ZNR,30,72,19,29.6,16,20000,11000
721,6306-RS1,30,72,19,29.6,16,None,6300
722,6306-Z,30,72,19,29.6,16,20000,13000
723,6306-ZNR,30,72,19,29.6,16,20000,13000
724,6406,30,90,23,43.6,23.6,18000,11000
725,ICOS-D1B06 TN9,30,62,16,20.3,11.2,None,6500
726,W 6006,30,55,13,11.4,8.15,28000,17000
727,W 6006-2RS1,30,55,13,11.4,8.15,None,8000
728,W 6006-2RS1/VP311,30,55,13,11.4,8.15,None,8000
729,W 6006-2Z,30,55,13,11.4,8.15,28000,14000
730,W 61706-2RZ,30,37,4,0.65,0.53,36000,18000
731,W 61806-2RS1,30,42,7,3.58,2.9,None,9500
732,W 61806-2RZ,30,42,7,3.58,2.9,34000,17000
733,W 61806-2Z,30,42,7,3.58,2.9,34000,17000
734,W 61906,30,47,9,6.24,5,30000,19000
735,W 61906-2RS1,30,47,9,6.24,5,None,8500
736,W 61906-2Z,30,47,9,6.24,5,30000,15000
737,W 6206,30,62,16,16.5,11.2,26000,16000
738,W 6206-2RS1,30,62,16,16.5,11.2,None,7000
739,W 6206-2RS1/VP311,30,62,16,16.5,11.2,None,7000
740,W 6206-2Z,30,62,16,16.5,11.2,26000,13000
741,W 6306,30,72,19,22.9,15,22000,14000
742,W 6306-2RS1,30,72,19,22.9,15,None,6300
743,W 6306-2Z,30,72,19,22.9,15,22000,11000
744,16007,35,62,9,13,8.15,24000,15000
745,207,35,72,17,27.5,22,17000,10000
746,207 NR,35,72,17,27.5,22,17000,10000
747,207-2Z,35,72,17,27.5,22,17000,8000
748,207-2ZNR,35,72,17,27.5,22,17000,8000
749,207-Z,35,72,17,27.5,22,17000,10000
750,207-ZNR,35,72,17,27.5,22,17000,10000
751,307,35,80,21,34.7,26.5,16000,9500
752,307 NR,35,80,21,34.7,26.5,16000,9500
753,307-2Z,35,80,21,34.7,26.5,16000,7600
754,307-2ZNR,35,80,21,34.7,26.5,16000,7600
755,307-Z,35,80,21,34.7,26.5,16000,9500
756,307-ZNR,35,80,21,34.7,26.5,16000,9500
757,4207 ATN9,35,72,23,35.1,28.5,15000,8000
758,4307 ATN9,35,80,31,50.7,38,14000,7500
759,6007,35,62,14,16.8,10.2,24000,15000
760,6007 N,35,62,14,16.8,10.2,24000,15000
761,6007-2RS1,35,62,14,16.8,10.2,None,7000
762,6007-2RZ,35,62,14,16.8,10.2,24000,12000
763,6007-2Z,35,62,14,16.8,10.2,24000,12000
764,6007-RS1,35,62,14,16.8,10.2,None,7000
765,6007-Z,35,62,14,16.8,10.2,24000,15000
766,61807,35,47,7,4.36,3.35,30000,18000
767,61807-2RS1,35,47,7,4.36,3.35,None,15000
768,61807-2RZ,35,47,7,4.36,3.35,30000,15000
769,61907,35,55,10,11.1,7.35,26000,16000
770,61907-2RS1,35,55,10,11.1,7.35,None,7500
771,61907-2RZ,35,55,10,11.1,7.35,26000,13000
772,6207,35,72,17,27,15.3,20000,13000
773,6207 ETN9/C3,35,72,17,31.2,17.6,20000,13000
774,6207 N,35,72,17,27,15.3,20000,13000
775,6207 NR,35,72,17,27,15.3,20000,13000
776,6207-2RS1,35,72,17,27,15.3,None,6300
777,6207-2RSH,35,72,17,27,15.3,None,6300
778,6207-2Z,35,72,17,27,15.3,20000,10000
779,6207-2ZNR,35,72,17,27,15.3,20000,10000
780,6207-RS1,35,72,17,27,15.3,None,6300
781,6207-Z,35,72,17,27,15.3,20000,13000
782,6207-ZNR,35,72,17,27,15.3,20000,13000
783,62207-2RS1,35,72,23,25.5,15.3,None,6300
784,62307-2RS1,35,80,31,33.2,19,None,6000
785,63007-2RS1,35,62,20,15.9,10.2,None,7000
786,6307,35,80,21,35.1,19,19000,12000
787,6307 N,35,80,21,35.1,19,19000,12000
788,6307 NR,35,80,21,35.1,19,19000,12000
789,6307-2RS1,35,80,21,35.1,19,None,6000
790,6307-2Z,35,80,21,35.1,19,19000,9500
791,6307-RS1,35,80,21,35.1,19,None,6000
792,6307-Z,35,80,21,35.1,19,19000,12000
793,6307-ZNR,35,80,21,35.1,19,19000,12000
794,6407,35,100,25,55.3,31,16000,10000
795,6407 NR,35,100,25,55.3,31,16000,10000
796,W 6007,35,62,14,13.8,10.2,24000,15000
797,W 6007-2RS1,35,62,14,13.8,10.2,None,6700
798,W 6007-2RS1/VP311,35,62,14,13.8,10.2,None,6700
799,W 6007-2Z,35,62,14,13.8,10.2,24000,12000
800,W 61707-2RS1,35,44,5,1.06,0.915,None,8500
801,W 61807-2RS1,35,47,7,3.71,3.35,None,8500
802,W 61807-2RZ,35,47,7,3.71,3.35,30000,15000
803,W 61807-2Z,35,47,7,3.71,3.35,30000,15000
804,W 61907-2RS1,35,55,10,9.36,7.65,None,7500
805,W 61907-2Z,35,55,10,9.36,7.65,26000,13000
806,W 6207,35,72,17,22.1,15.3,22000,14000
807,W 6207-2RS1,35,72,17,22.1,15.3,None,6000
808,W 6207-2RS1/VP311,35,72,17,22.1,15.3,None,6000
809,W 6207-2Z,35,72,17,22.1,15.3,22000,11000
810,W 6307,35,80,21,28.6,19,20000,13000
811,W 6307-2RS1,35,80,21,28.6,19,None,5600
812,W 6307-2Z,35,80,21,28.6,19,20000,10000
813,16008,40,68,9,13.8,10.2,22000,14000
814,208,40,80,18,33.6,27,15000,9500
815,208 NR,40,80,18,33.6,27,15000,9500
816,208-2Z,40,80,18,33.6,27,15000,7600
817,208-2ZNR,40,80,18,33.6,27,15000,7600
818,208-Z,40,80,18,33.6,27,15000,9500
819,208-ZNR,40,80,18,33.6,27,15000,9500
820,308,40,90,23,45.7,36,14000,8500
821,308 NR,40,90,23,45.7,36,14000,8500
822,308-2Z,40,90,23,45.7,36,14000,6800
823,308-2ZNR,40,90,23,45.7,36,14000,6800
824,308-Z,40,90,23,45.7,36,14000,8500
825,308-ZNR,40,90,23,45.7,36,14000,8500
826,4208 ATN9,40,80,23,37.1,32.5,13000,7000
827,4308 ATN9,40,90,33,55.9,45,12000,6700
828,6008,40,68,15,17.8,11,22000,14000
829,6008 NR,40,68,15,17.8,11,22000,14000
830,6008-2RS1,40,68,15,17.8,11,None,6300
831,6008-2Z,40,68,15,17.8,11,22000,11000
832,6008-RS1,40,68,15,17.8,11,None,6300
833,6008-Z,40,68,15,17.8,11,22000,14000
834,61808,40,52,7,5.07,3.65,26000,16000
835,61808-2RS1,40,52,7,5.07,3.65,None,7500
836,61808-2RZ,40,52,7,5.07,3.65,26000,13000
837,61908,40,62,12,13.8,9.3,24000,14000
838,61908-2RS1,40,62,12,13.8,9.3,None,6000
839,61908-2RZ,40,62,12,13.8,9.3,24000,14000
840,6208,40,80,18,32.5,19,18000,11000
841,6208 ETN9,40,80,18,35.8,20.8,18000,11000
842,6208 N,40,80,18,32.5,19,18000,11000
843,6208 NR,40,80,18,32.5,19,18000,11000
844,6208-2RS1,40,80,18,32.5,19,None,5600
845,6208-2Z,40,80,18,32.5,19,18000,9000
846,6208-2ZNR,40,80,18,32.5,19,18000,9000
847,6208-RS1,40,80,18,32.5,19,None,5600
848,6208-Z,40,80,18,32.5,19,18000,11000
849,6208-ZNR,40,80,18,32.5,19,18000,11000
850,62208-2RS1,40,80,23,30.7,19,None,5600
851,62308-2RS1,40,90,33,41,24,None,5000
852,63008-2RS1,40,68,21,16.8,11,None,6300
853,6308,40,90,23,42.3,24,17000,11000
854,6308 N,40,90,23,42.3,24,17000,11000
855,6308 NR,40,90,23,42.3,24,17000,11000
856,6308-2RS1,40,90,23,42.3,24,None,5000
857,6308-2RSH,40,90,23,42.3,24,None,5000
858,6308-2RZ,40,90,23,42.3,24,17000,8500
859,6308-2Z,40,90,23,42.3,24,17000,8500
860,6308-RS1,40,90,23,42.3,24,None,5000
861,6308-Z,40,90,23,42.3,24,17000,11000
862,6308-ZNR,40,90,23,42.3,24,17000,11000
863,6408,40,110,27,63.7,36.5,14000,9000
864,6408 N,40,110,27,63.7,36.5,14000,9000
865,6408 NR,40,110,27,63.7,36.5,14000,9000
866,W 6008,40,68,15,14.6,11.4,22000,14000
867,W 6008-2RS1,40,68,15,14.6,11.4,None,6300
868,W 6008-2RS1/VP311,40,68,15,14.6,11.4,None,6300
869,W 6008-2Z,40,68,15,14.6,11.4,22000,11000
870,W 61708-2RS1,40,50,6,1.43,1.27,None,7500
871,W 61808-2RS1,40,52,7,3.9,3.75,None,7500
872,W 61808-2Z,40,52,7,3.9,3.75,26000,13000
873,W 61908-2RS1,40,62,12,11.9,9.8,None,6700
874,W 61908-2Z,40,62,12,11.9,9.8,24000,12000
875,W 6208,40,80,18,25.1,17.6,20000,12000
876,W 6208-2RS1,40,80,18,25.1,17.6,None,5600
877,W 6208-2RS1/VP311,40,80,18,25.1,17.6,None,5600
878,W 6208-2Z,40,80,18,25.1,17.6,20000,10000
879,16009,45,75,10,16.5,10.8,20000,12000
880,209,45,85,19,35.2,30,14000,8500
881,209 NR,45,85,19,35.2,30,14000,8500
882,209-2Z,45,85,19,35.2,30,14000,6800
883,209-2ZNR,45,85,19,35.2,30,14000,6800
884,209-Z,45,85,19,35.2,30,14000,8500
885,209-ZNR,45,85,19,35.2,30,14000,8500
886,309,45,100,25,55,44,13000,7500
887,309 NR,45,100,25,55,44,13000,7500
888,309-2Z,45,100,25,55,44,13000,6000
889,309-2ZNR,45,100,25,55,44,13000,6000
890,309-Z,45,100,25,55,44,13000,7500
891,309-ZNR,45,100,25,55,44,13000,7500
892,4209 ATN9,45,85,23,39,36,12000,6700
893,4309 ATN9,45,100,36,68.9,56,11000,6000
894,6009,45,75,16,22.1,14.6,20000,12000
895,6009 NR,45,75,16,22.1,14.6,20000,12000
896,6009-2RS1,45,75,16,22.1,14.6,None,5600
897,6009-2Z,45,75,16,22.1,14.6,20000,10000
898,6009-RS1,45,75,16,22.1,14.6,None,5600
899,6009-Z,45,75,16,22.1,14.6,20000,12000
900,61809,45,58,7,5.4,4,22000,14000
901,61809-2RS1,45,58,7,5.4,4,None,6700
902,61809-2RZ,45,58,7,5.4,4,22000,14000
903,61909,45,68,12,14,9.8,20000,13000
904,61909-2RS1,45,68,12,14,9.8,None,6000
905,61909-2RZ,45,68,12,14,9.8,20000,10000
906,6209,45,85,19,35.1,21.6,17000,11000
907,6209 N,45,85,19,35.1,21.6,17000,11000
908,6209 NR,45,85,19,35.1,21.6,17000,11000
909,6209-2RS1,45,85,19,35.1,21.6,None,5000
910,6209-2Z,45,85,19,35.1,21.6,17000,8500
911,6209-RS1,45,85,19,35.1,21.6,None,5000
912,6209-Z,45,85,19,35.1,21.6,17000,11000
913,6209-ZNR,45,85,19,35.1,21.6,17000,11000
914,62209-2RS1,45,85,23,33.2,21.6,None,5000
915,62309-2RS1,45,100,36,52.7,31.5,None,4500
916,63009-2RS1,45,75,23,20.8,14.6,None,5600
917,6309,45,100,25,55.3,31.5,15000,9500
918,6309 M,45,100,25,55.3,31.5,15000,14000
919,6309 N,45,100,25,55.3,31.5,15000,9500
920,6309 NR,45,100,25,55.3,31.5,15000,9500
921,6309-2RS1,45,100,25,55.3,31.5,None,4500
922,6309-2RSH,45,100,25,55.3,31.5,None,4500
923,6309-2Z,45,100,25,55.3,31.5,15000,7500
924,6309-2ZNR,45,100,25,55.3,31.5,15000,7500
925,6309-RS1,45,100,25,55.3,31.5,None,4500
926,6309-Z,45,100,25,55.3,31.5,15000,9500
927,6309-ZNR,45,100,25,55.3,31.5,15000,9500
928,6409,45,120,29,76.1,45,13000,8500
929,6409 NR,45,120,29,76.1,45,13000,8500
930,W 6009,45,75,16,18.2,15,20000,12000
931,W 6009-2RS1,45,75,16,18.2,15,None,5600
932,W 6009-2Z,45,75,16,18.2,15,20000,10000
933,W 61809-2RS1,45,58,7,4.94,5,None,6700
934,W 61809-2RZ,45,58,7,4.94,5,24000,12000
935,W 61809-2Z,45,58,7,4.94,5,24000,12000
936,W 61909-2RS1,45,68,12,12.1,10.8,None,6000
937,W 61909-2Z,45,68,12,12.1,10.8,20000,10000
938,W 6209,45,85,19,28.1,20.4,18000,11000
939,W 6209-2RS1,45,85,19,28.1,20.4,None,5000
940,W 6209-2Z,45,85,19,28.1,20.4,18000,9000
941,16010,50,80,10,16.8,11.4,18000,11000
942,210,50,90,20,39.1,34.5,13000,8000
943,210 NR,50,90,20,39.1,34.5,13000,8000
944,210-2Z,50,90,20,39.1,34.5,13000,6400
945,210-2ZNR,50,90,20,39.1,34.5,13000,6400
946,210-Z,50,90,20,39.1,34.5,13000,8000
947,210-ZNR,50,90,20,39.1,34.5,13000,8000
948,310,50,110,27,64.4,52,11000,7000
949,310 NR,50,110,27,64.4,52,11000,7000
950,310-2Z,50,110,27,64.4,52,11000,5600
951,310-2ZNR,50,110,27,64.4,52,11000,5600
952,310-Z,50,110,27,64.4,52,11000,7000
953,310-ZNR,50,110,27,64.4,52,11000,7000
954,4210 ATN9,50,90,23,41,40,11000,6000
955,4310 ATN9,50,110,40,81.9,69.5,10000,5300
956,6010,50,80,16,22.9,16,18000,11000
957,6010 N,50,80,16,22.9,16,18000,11000
958,6010 NR,50,80,16,22.9,15.6,18000,11000
959,6010-2RS1,50,80,16,22.9,15.6,None,5000
960,6010-2RZ,50,80,16,22.9,15.6,18000,9000
961,6010-2Z,50,80,16,22.9,15.6,18000,9000
962,6010-RS1,50,80,16,22.9,15.6,None,5000
963,6010-Z,50,80,16,22.9,15.6,18000,11000
964,61810,50,65,7,5.4,4.15,20000,13000
965,61810-2RS1,50,65,7,5.4,4.15,None,6000
966,61810-2RZ,50,65,7,5.4,4.15,20000,10000
967,61910,50,72,12,14.6,10.4,19000,12000
968,61910-2RS1,50,72,12,14.6,10.4,None,5600
969,61910-2RZ,50,72,12,14.6,10.4,19000,9500
970,6210,50,90,20,37.1,23.2,15000,10000
971,6210 M,50,90,20,37.1,23.2,15000,14000
972,6210 N,50,90,20,37.1,23.2,15000,10000
973,6210 NR,50,90,20,37.1,23.2,15000,10000
974,6210-2RS1,50,90,20,37.1,23.2,None,4800
975,6210-2RSH,50,90,20,37.1,23.2,None,4800
976,6210-2RZ,50,90,20,37.1,23.2,15000,8000
977,6210-2Z,50,90,20,37.1,23.2,15000,8000
978,6210-2ZNR,50,90,20,37.1,23.2,15000,8000
979,6210-RS1,50,90,20,37.1,23.2,None,4800
980,6210-Z,50,90,20,37.1,23.2,15000,10000
981,6210-ZNR,50,90,20,37.1,23.2,15000,10000
982,62210-2RS1,50,90,23,35.1,23.2,None,4800
983,62310-2RS1,50,110,40,61.8,38,None,4300
984,63010-2RS1,50,80,23,21.6,15.6,None,5000
985,6310,50,110,27,65,38,13000,8500
986,6310 N,50,110,27,65,38,13000,8500
987,6310 NR,50,110,27,65,38,13000,8500
988,6310-2RS1,50,110,27,65,38,None,4300
989,6310-2RSH,50,110,27,65,38,None,4300
990,6310-2Z,50,110,27,65,38,13000,6700
991,6310-2ZNR,50,110,27,65,38,13000,6700
992,6310-RS1,50,110,27,65,38,None,4300
993,6310-Z,50,110,27,65,38,13000,8500
994,6310-ZNR,50,110,27,65,38,13000,8500
995,6410,50,130,31,87.1,52,12000,7500
996,6410 NR,50,130,31,87.1,52,12000,7500
997,W 6010,50,80,16,19,16.6,18000,11000
998,W 6010-2RS1,50,80,16,19,16.6,None,5000
999,W 6010-2Z,50,80,16,19,16.6,18000,9000
1000,W 61810,50,65,7,5.07,5.5,20000,13000
1001,W 61810-2RS1,50,65,7,5.07,5.5,None,6000
1002,W 61910,50,72,12,12.5,11.6,19000,12000
1003,W 61910-2RS1,50,72,12,12.5,11.6,None,5600
1004,W 61910-2Z,50,72,12,12.5,11.6,19000,9500
1005,W 6210,50,90,20,30.2,23.2,17000,10000
1006,W 6210-2RS1,50,90,20,30.2,23.2,None,4800
1007,W 6210-2Z,50,90,20,30.2,23.2,17000,8500
1008,16011,55,90,11,20.3,14,16000,10000
1009,211,55,100,21,48.4,44,12000,7000
1010,211 NR,55,100,21,48.4,44,12000,7000
1011,211-2Z,55,100,21,48.4,44,12000,5600
1012,211-2ZNR,55,100,21,48.4,44,12000,5600
1013,211-Z,55,100,21,48.4,44,12000,7000
1014,211-ZNR,55,100,21,48.4,44,12000,7000
1015,311,55,120,29,79.2,67,10000,6300
1016,311 NR,55,120,29,79.2,67,10000,6300
1017,311-2Z,55,120,29,79.2,67,10000,5000
1018,311-2ZNR,55,120,29,79.2,67,10000,5000
1019,311-Z,55,120,29,79.2,67,10000,6300
1020,4211 ATN9,55,100,25,44.9,44,10000,5600
1021,4311 ATN9,55,120,43,97.5,83,9000,5000
1022,6011,55,90,18,29.6,21.2,16000,10000
1023,6011 M,55,90,18,29.6,21.2,16000,14000
1024,6011 NR,55,90,18,29.6,21.2,16000,10000
1025,6011-2RS1,55,90,18,29.6,21.2,None,4500
1026,6011-2Z,55,90,18,29.6,21.2,16000,8000
1027,6011-RS1,55,90,18,29.6,21.2,None,4500
1028,6011-Z,55,90,18,29.6,21.2,16000,10000
1029,61811,55,72,9,8.84,6.8,19000,12000
1030,61811-2RS1,55,72,9,8.84,6.8,None,9500
1031,61811-2RZ,55,72,9,8.84,6.8,19000,9500
1032,61911,55,80,13,16.5,12.2,17000,11000
1033,61911-2RS1,55,80,13,16.5,12.2,None,5000
1034,6211,55,100,21,46.2,29,14000,9000
1035,6211 M,55,100,21,46.2,29,14000,13000
1036,6211 N,55,100,21,46.2,29,14000,9000
1037,6211 NR,55,100,21,46.2,29,14000,9000
1038,6211-2RS1,55,100,21,46.2,29,None,4300
1039,6211-2RSH,55,100,21,46.2,29,None,4300
1040,6211-2Z,55,100,21,46.2,29,14000,7000
1041,6211-2ZNR,55,100,21,46.2,29,14000,7000
1042,6211-RS1,55,100,21,46.2,29,None,4300
1043,6211-Z,55,100,21,46.2,29,14000,9000
1044,6211-ZNR,55,100,21,46.2,29,14000,9000
1045,62211-2RS1,55,100,25,43.6,29,10000,4300
1046,62311-2RS1,55,120,43,71.5,45,None,3800
1047,6311,55,120,29,74.1,45,12000,8000
1048,6311 M,55,120,29,74.1,45,12000,11000
1049,6311 N,55,120,29,74.1,45,12000,8000
1050,6311 NR,55,120,29,74.1,45,12000,8000
1051,6311-2RS1,55,120,29,74.1,45,None,3800
1052,6311-2RSH,55,120,29,74.1,45,None,3800
1053,6311-2Z,55,120,29,74.1,45,12000,6300
1054,6311-2ZNR,55,120,29,74.1,45,12000,6300
1055,6311-RS1,55,120,29,74.1,45,None,3800
1056,6311-Z,55,120,29,74.1,45,12000,8000
1057,6311-ZNR,55,120,29,74.1,45,12000,8000
1058,6411,55,140,33,99.5,62,11000,7000
1059,6411 N,55,140,33,99.5,62,11000,7000
1060,6411 NR,55,140,33,99.5,62,11000,7000
1061,W 61811-2RS1,55,72,9,7.15,8.5,None,5300
1062,16012,60,95,11,20.8,15,15000,9500
1063,212,60,110,22,56.1,50,11000,6700
1064,212 NR,60,110,22,56.1,50,11000,6700
1065,212-2Z,60,110,22,56.1,50,11000,5400
1066,212-2ZNR,60,110,22,56.1,50,11000,5400
1067,212-Z,60,110,22,56.1,50,11000,6700
1068,212-ZNR,60,110,22,56.1,50,11000,6700
1069,312,60,130,31,91.3,78,9500,6000
1070,312 NR,60,130,31,91.3,78,9500,6000
1071,312-2Z,60,130,31,91.3,78,9500,4800
1072,312-2ZNR,60,130,31,91.3,78,9500,4800
1073,312-Z,60,130,31,91.3,78,9500,6000
1074,312-ZNR,60,130,31,91.3,78,9500,6000
1075,4212 ATN9,60,110,28,57.2,55,9500,5300
1076,4312 ATN9,60,130,46,112,98,8500,4500
1077,6012,60,95,18,30.7,23.2,15000,9500
1078,6012 NR,60,95,18,30.7,23.2,15000,9500
1079,6012-2RS1,60,95,18,30.7,23.2,None,4300
1080,6012-2RZ,60,95,18,30.7,23.2,15000,7500
1081,6012-2Z,60,95,18,30.7,23.2,15000,7500
1082,6012-RS1,60,95,18,30.7,23.2,None,4300
1083,6012-Z,60,95,18,30.7,23.2,15000,9500
1084,61812,60,78,10,11.4,8.8,17000,11000
1085,61812-2RS1,60,78,10,11.4,8.8,None,4800
1086,61812-2RZ,60,78,10,11.4,8.8,17000,8500
1087,61912,60,85,13,16.5,12,16000,10000
1088,61912-2RS1,60,85,13,16.5,12,None,4500
1089,6212,60,110,22,55.3,36,13000,8000
1090,6212 M,60,110,22,55.3,36,13000,11000
1091,6212 N,60,110,22,55.3,36,13000,8000
1092,6212 NR,60,110,22,55.3,36,13000,8000
1093,6212-2RS1,60,110,22,55.3,36,None,4000
1094,6212-2Z,60,110,22,55.3,36,13000,6300
1095,6212-2ZNR,60,110,22,55.3,36,13000,6300
1096,6212-RS1,60,110,22,55.3,36,None,4000
1097,6212-Z,60,110,22,55.3,36,13000,8000
1098,6212-ZNR,60,110,22,55.3,36,13000,8000
1099,62212-2RS1,60,110,28,52.7,36,None,4000
1100,62312-2RS1,60,130,46,81.9,52,None,3400
1101,6312,60,130,31,85.2,52,11000,7000
1102,6312 NR,60,130,31,85.2,52,11000,7000
1103,6312-2RS1,60,130,31,85.2,52,None,3400
1104,6312-2RSH,60,130,31,85.2,52,None,3400
1105,6312-2Z,60,130,31,85.2,52,11000,5600
1106,6312-2ZNR,60,130,31,85.2,52,11000,5600
1107,6312-RS1,60,130,31,85.2,52,None,3400
1108,6312-Z,60,130,31,85.2,52,11000,7000
1109,6312-ZNR,60,130,31,85.2,52,11000,7000
1110,6412,60,150,35,108,69.5,10000,6300
1111,6412 NR,60,150,35,108,69.5,10000,6300
1112,16013,65,100,11,22.5,19.6,14000,9000
1113,213,65,120,23,60.5,58.5,10000,6000
1114,213 NR,65,120,23,60.5,58.5,10000,6000
1115,213-2Z,65,120,23,60.5,58.5,10000,4800
1116,213-Z,65,120,23,60.5,58.5,10000,6000
1117,213-ZNR,65,120,23,60.5,58.5,10000,6000
1118,313,65,140,33,102,90,9000,5300
1119,313 NR,65,140,33,102,90,9000,5300
1120,313-2Z,65,140,33,102,90,9000,4300
1121,313-2ZNR,65,140,33,102,90,9000,4300
1122,313-Z,65,140,33,102,90,9000,5300
1123,313-ZNR,65,140,33,102,90,9000,5300
1124,4213 ATN9,65,120,31,67.6,67,8500,4800
1125,6013,65,100,18,31.9,25,14000,9000
1126,6013 M,65,100,18,31.9,25,14000,12000
1127,6013 NR,65,100,18,31.9,25,14000,9000
1128,6013-2RS1,65,100,18,31.9,25,None,4000
1129,6013-2Z,65,100,18,31.9,25,14000,7000
1130,6013-RS1,65,100,18,31.9,25,None,4000
1131,6013-Z,65,100,18,31.9,25,14000,9000
1132,61813,65,85,10,11.9,9.65,16000,10000
1133,61813-2RS1,65,85,10,11.9,9.65,None,4500
1134,61813-2RZ,65,85,10,11.9,9.65,16000,8000
1135,61913,65,90,13,17.4,13.4,15000,9500
1136,61913-2RS1,65,90,13,17.4,13.4,None,4300
1137,6213,65,120,23,58.5,40.5,12000,7500
1138,6213 M,65,120,23,58.5,40.5,12000,10000
1139,6213 N,65,120,23,58.5,40.5,12000,7500
1140,6213 NR,65,120,23,58.5,40.5,12000,7500
1141,6213-2RS1,65,120,23,58.5,40.5,None,3600
1142,6213-2Z,65,120,23,58.5,40.5,12000,6000
1143,6213-2ZNR,65,120,23,58.5,40.5,12000,6000
1144,6213-RS1,65,120,23,58.5,40.5,None,3600
1145,6213-Z,65,120,23,58.5,40.5,12000,7500
1146,6213-ZNR,65,120,23,58.5,40.5,12000,7500
1147,62213-2RS1,65,120,31,55.9,40.5,None,3600
1148,6313,65,140,33,97.5,60,10000,6700
1149,6313 NR,65,140,33,97.5,60,10000,6700
1150,6313-2RS1,65,140,33,97.5,60,None,3200
1151,6313-2Z,65,140,33,97.5,60,10000,5300
1152,6313-2ZNR,65,140,33,97.5,60,10000,5300
1153,6313-RS1,65,140,33,97.5,60,None,3200
1154,6313-Z,65,140,33,97.5,60,10000,6700
1155,6313-ZNR,65,140,33,97.5,60,10000,6700
1156,6413,65,160,37,119,78,9500,6000
1157,6413 NR,65,160,37,119,78,9500,6000
1158,RLS 22,69.85,133.35,23.813,66.3,49,10000,6700
1159,16014,70,110,13,29.1,25,13000,8000
1160,214,70,125,24,66,65.5,9500,5600
1161,214 NR,70,125,24,66,65.5,9500,5600
1162,214-2Z,70,125,24,66,65.5,9500,4500
1163,214-Z,70,125,24,66,65.5,9500,5600
1164,214-ZNR,70,125,24,66,65.5,9500,5600
1165,314,70,150,35,114,102,8000,5000
1166,314 NR,70,150,35,114,102,8000,5000
1167,314-2Z,70,150,35,114,102,8000,4000
1168,314-Z,70,150,35,114,102,8000,5000
1169,314-ZNR,70,150,35,114,102,8000,5000
1170,4214 ATN9,70,125,31,70.2,73.5,8000,4300
1171,6014,70,110,20,39.7,31,13000,8000
1172,6014 M,70,110,20,39.7,31,13000,11000
1173,6014 N,70,110,20,39.7,31,13000,8000
1174,6014 NR,70,110,20,39.7,31,13000,8000
1175,6014-2RS1,70,110,20,39.7,31,None,3600
1176,6014-2Z,70,110,20,39.7,31,13000,6300
1177,6014-RS1,70,110,20,39.7,31,None,3600
1178,6014-Z,70,110,20,39.7,31,13000,8000
1179,61814,70,90,10,12.4,13.2,15000,9000
1180,61814-2RS1,70,90,10,12.1,10,None,4300
1181,61814-2RZ,70,90,10,12.1,10,15000,7500
1182,61914,70,100,16,23.8,18.3,14000,8500
1183,6214,70,125,24,63.7,45,11000,7000
1184,6214 M,70,125,24,60.5,45,11000,10000
1185,6214 NR,70,125,24,63.7,45,11000,7000
1186,6214-2RS1,70,125,24,63.7,45,None,3400
1187,6214-2Z,70,125,24,63.7,45,11000,5600
1188,6214-RS1,70,125,24,63.7,45,None,3400
1189,6214-Z,70,125,24,63.7,45,11000,7000
1190,6214-ZNR,70,125,24,63.7,45,11000,7000
1191,62214-2RS1,70,125,31,60.5,45,None,3400
1192,62314-2RS1,70,150,51,104,68,None,3000
1193,6314,70,150,35,111,68,9500,6300
1194,6314 N,70,150,35,111,68,9500,6300
1195,6314 NR,70,150,35,111,68,9500,6300
1196,6314-2RS1,70,150,35,111,68,None,3000
1197,6314-2Z,70,150,35,111,68,9500,5000
1198,6314-RS1,70,150,35,111,68,None,3000
1199,6314-Z,70,150,35,111,68,9500,6300
1200,6314-ZNR,70,150,35,111,68,9500,6300
1201,6414,70,180,42,143,104,8500,5300
1202,16015,75,115,13,30.2,27,12000,7500
1203,215,75,130,25,72.1,72,9000,5300
1204,215 NR,75,130,25,72.1,72,9000,5300
1205,215-2Z,75,130,25,72.1,72,9000,4300
1206,215-Z,75,130,25,72.1,72,9000,5300
1207,215-ZNR,75,130,25,72.1,72,9000,5300
1208,4215 ATN9,75,130,31,72.8,80,7500,4000
1209,6015,75,115,20,41.6,33.5,12000,7500
1210,6015 M,75,115,20,41.6,33.5,12000,10000
1211,6015 N,75,115,20,41.6,33.5,12000,7500
1212,6015 NR,75,115,20,41.6,33.5,12000,7500
1213,6015-2RS1,75,115,20,41.6,33.5,None,3400
1214,6015-2Z,75,115,20,41.6,33.5,12000,6000
1215,6015-RS1,75,115,20,41.6,33.5,None,3400
1216,6015-Z,75,115,20,41.6,33.5,12000,7500
1217,61815,75,95,10,12.5,10.8,14000,8500
1218,61815-2RS1,75,95,10,12.5,10.8,None,4000
1219,61815-2RZ,75,95,10,12.5,10.8,14000,7000
1220,61915,75,105,16,24.2,19.3,13000,8000
1221,6215,75,130,25,68.9,49,10000,6700
1222,6215 M,75,130,25,68.9,49,10000,9500
1223,6215 N,75,130,25,68.9,49,10000,6700
1224,6215 NR,75,130,25,68.9,49,10000,6700
1225,6215-2RS1,75,130,25,68.9,49,None,3200
1226,6215-2Z,75,130,25,68.9,49,10000,5300
1227,6215-RS1,75,130,25,68.9,49,None,3200
1228,6215-Z,75,130,25,68.9,49,10000,6700
1229,6315,75,160,37,119,76.5,9000,5600
1230,6315 N,75,160,37,119,76.5,9000,5600
1231,6315 NR,75,160,37,119,76.5,9000,5600
1232,6315-2RS1,75,160,37,119,76.5,None,2800
1233,6315-2Z,75,160,37,119,76.5,9000,4500
1234,6315-Z,75,160,37,119,76.5,9000,5600
1235,6415,75,190,45,153,114,8000,5000
1236,16016,80,125,14,35.1,31.5,11000,7000
1237,216,80,140,26,88,85,8500,5000
1238,216 NR,80,140,26,88,85,8500,5000
1239,216-2Z,80,140,26,88,85,8500,4000
1240,216-2ZNR,80,140,26,88,85,8500,4000
1241,216-Z,80,140,26,88,85,8500,5000
1242,216-ZNR,80,140,26,88,85,8500,5000
1243,4216 ATN9,80,140,33,80.6,90,7000,3800
1244,6016,80,125,22,49.4,40,11000,7000
1245,6016 NR,80,125,22,49.4,40,11000,7000
1246,6016-2RS1,80,125,22,49.4,40,None,3200
1247,6016-2Z,80,125,22,49.4,40,11000,5600
1248,6016-RS1,80,125,22,49.4,40,None,3200
1249,6016-Z,80,125,22,49.4,40,11000,7000
1250,61816,80,100,10,12.7,11.2,13000,8000
1251,61816-2RS1,80,100,10,12.7,11.2,None,3600
1252,61816-2RZ,80,100,10,12.7,11.2,13000,6300
1253,61916,80,110,16,25.1,20.4,12000,7500
1254,61916-2RS1,80,110,16,25.1,20.4,None,3400
1255,61916-2RZ,80,110,16,25.1,20.4,12000,6000
1256,6216,80,140,26,72.8,55,9500,6000
1257,6216 M,80,140,26,72.8,55,9500,8500
1258,6216 NR,80,140,26,72.8,55,9500,6000
1259,6216-2RS1,80,140,26,72.8,55,None,3000
1260,6216-2Z,80,140,26,72.8,55,9500,4800
1261,6216-RS1,80,140,26,72.8,55,None,3000
1262,6216-Z,80,140,26,72.8,55,9500,6000
1263,6316,80,170,39,130,86.5,8500,5300
1264,6316 M,80,170,39,130,86.5,8500,7500
1265,6316-2RS1,80,170,39,130,86.5,None,2600
1266,6316-2Z,80,170,39,130,86.5,8500,4300
1267,6316-RS1,80,170,39,130,86.5,None,2600
1268,6316-Z,80,170,39,130,86.5,8500,5300
1269,6416,80,200,48,163,125,7500,4800
1270,16017,85,130,14,35.8,33.5,11000,6700
1271,217,85,150,28,96.8,100,7500,4800
1272,217 NR,85,150,28,96.8,100,7500,4800
1273,217-2Z,85,150,28,96.8,100,7500,3900
1274,217-Z,85,150,28,96.8,100,7500,4800
1275,6017,85,130,22,52,43,11000,6700
1276,6017 NR,85,130,22,52,43,11000,6700
1277,6017-2RS1,85,130,22,52,43,None,3000
1278,6017-2Z,85,130,22,52,43,11000,5300
1279,6017-RS1,85,130,22,52,43,None,3000
1280,6017-Z,85,130,22,52,43,11000,6700
1281,61817,85,110,13,19.5,16.6,12000,7500
1282,61817-2RS1,85,110,13,19.5,16.6,None,3400
1283,61817-2RZ,85,110,13,19.5,16.6,12000,6000
1284,61917,85,120,18,31.9,30,11000,7000
1285,6217,85,150,28,87.1,64,9000,5600
1286,6217 M,85,150,28,87.1,64,9000,8000
1287,6217 NR,85,150,28,87.1,64,9000,5600
1288,6217-2RS1,85,150,28,87.1,64,None,2800
1289,6217-2Z,85,150,28,87.1,64,9000,4500
1290,6217-RS1,85,150,28,87.1,64,None,2800
1291,6217-Z,85,150,28,87.1,64,9000,5600
1292,6317,85,180,41,140,96.5,8000,5000
1293,6317 M,85,180,41,140,96.5,8000,7500
1294,6317-2RS1,85,180,41,140,96.5,None,2400
1295,6317-2Z,85,180,41,140,96.5,8000,4000
1296,6317-Z,85,180,41,140,96.5,8000,5000
1297,6417,85,210,52,174,137,7000,4500
1298,16018,90,140,16,43.6,39,10000,6300
1299,4218 ATN9,90,160,40,112,122,6300,3400
1300,6018,90,140,24,60.5,50,10000,6300
1301,6018 NR,90,140,24,60.5,50,10000,6300
1302,6018-2RS1,90,140,24,60.5,50,None,2800
1303,6018-2Z,90,140,24,60.5,50,10000,5000
1304,6018-Z,90,140,24,60.5,50,10000,6300
1305,61818,90,115,13,19.5,17,11000,7000
1306,61818-2RS1,90,115,13,19.5,17,None,3200
1307,61818-2RZ,90,115,13,19.5,17,11000,5600
1308,61918,90,125,18,33.2,31.5,11000,6700
1309,6218,90,160,30,101,73.5,8500,5300
1310,6218 NR,90,160,30,101,73.5,8500,5300
1311,6218-2RS1,90,160,30,101,73.5,None,2600
1312,6218-2Z,90,160,30,101,73.5,8500,4300
1313,6218-RS1,90,160,30,101,73.5,None,2600
1314,6218-Z,90,160,30,101,73.5,8500,5300
1315,6318,90,190,43,151,108,7500,4800
1316,6318 M,90,190,43,151,108,7500,7000
1317,6318-2RS1,90,190,43,151,108,None,2400
1318,6318-2Z,90,190,43,151,108,7500,3800
1319,6318-Z,90,190,43,151,108,7500,4800
1320,6418,90,225,54,186,150,6700,4300
1321,16019,95,145,16,44.9,41.5,9500,6000
1322,6019-2RS1,95,145,24,63.7,54,None,2800
1323,6019-2Z,95,145,24,63.7,54,9500,4800
1324,6019-Z,95,145,24,63.7,54,9500,6000
1325,61819,95,120,13,19.9,17.6,11000,6700
1326,61819-2RS1,95,120,13,19.9,17.6,None,3000
1327,6219,95,170,32,114,81.5,8000,5000
1328,6219-2RS1,95,170,32,114,81.5,None,2400
1329,6219-2Z,95,170,32,114,81.5,8000,4000
1330,6219-RS1,95,170,32,114,81.5,None,2400
1331,6219-Z,95,170,32,114,81.5,8000,5000
1332,6319,95,200,45,159,118,7000,4500
1333,6319 M,95,200,45,159,118,7000,6300
1334,6319-2RS1,95,200,45,159,118,None,2200
1335,6319-2Z,95,200,45,159,118,7000,3600
1336,6319-Z,95,200,45,159,118,7000,4500
1337,16020,100,150,16,46.2,44,9500,5600
1338,6020,100,150,24,63.7,54,9500,5600
1339,6020 M,100,150,24,63.7,54,9500,7500
1340,6020 N,100,150,24,63.7,54,9500,5600
1341,6020 NR,100,150,24,63.7,54,9500,5600
1342,6020-2RS1,100,150,24,63.7,54,None,2600
1343,6020-2Z,100,150,24,63.7,54,9500,4500
1344,6020-RS1,100,150,24,63.7,54,None,2600
1345,6020-Z,100,150,24,63.7,54,9500,5600
1346,61820,100,125,13,17.8,18.3,10000,6300
1347,61820-2RS1,100,125,13,17.8,18.3,None,3000
1348,61820-2RZ,100,125,13,17.8,18.3,10000,5300
1349,6220,100,180,34,127,93,7500,4800
1350,6220-2RS1,100,180,34,127,93,None,2400
1351,6220-2Z,100,180,34,127,93,7500,3800
1352,6220-RS1,100,180,34,127,93,None,2400
1353,6220-Z,100,180,34,127,93,7500,4800
1354,6320,100,215,47,174,140,6700,4300
1355,6320 M,100,215,47,174,140,6700,6000
1356,6320-2RS1,100,215,47,174,140,None,2000
1357,6320-2Z,100,215,47,174,140,6700,3400
1358,6320-Z,100,215,47,174,140,6700,4300
1359,16021,105,160,18,54,51,8500,5300
1360,6021,105,160,26,76.1,65.5,8500,5300
1361,6021 NR,105,160,26,76.1,65.5,8500,5300
1362,6021-2RS1,105,160,26,76.1,65.5,None,2400
1363,6021-2Z,105,160,26,76.1,65.5,8500,4300
1364,61821,105,130,13,20.8,19.6,10000,6300
1365,61821-2RS1,105,130,13,20.8,19.6,None,2800
1366,61821-2RZ,105,130,13,20.8,19.6,10000,5000
1367,6221,105,190,36,140,104,7000,4500
1368,6221-2Z,105,190,36,140,104,7000,3600
1369,6321,105,225,49,182,153,6300,4000
1370,16022,110,170,19,60.5,57,8000,5000
1371,6022,110,170,28,85.2,73.5,8000,5000
1372,6022 M,110,170,28,85.2,73.5,8000,7000
1373,6022 NR,110,170,28,85.2,73.5,8000,5000
1374,6022-2RS1,110,170,28,85.2,73.5,None,2400
1375,6022-2Z,110,170,28,85.2,73.5,8000,4000
1376,6022-RS1,110,170,28,85.2,73.5,None,2400
1377,6022-Z,110,170,28,85.2,73.5,8000,5000
1378,61822,110,140,16,28.1,26,9500,5600
1379,61822-2RS1,110,140,16,28.1,26,None,2600
1380,61822-2RZ,110,140,16,28.1,26,9500,4500
1381,61922,110,150,20,43.6,45,9000,5600
1382,61922 MA,110,150,20,43.6,45,9000,7500
1383,6222,110,200,38,151,118,6700,4300
1384,6222-2RS1,110,200,38,151,118,None,2000
1385,6222-2Z,110,200,38,151,118,6700,3400
1386,6222-Z,110,200,38,151,118,6700,4300
1387,6322,110,240,50,203,180,6000,3800
1388,6322 M,110,240,50,203,180,6000,5300
1389,16024,120,180,19,63.7,64,7500,4800
1390,6024,120,180,28,88.4,80,7500,4800
1391,6024 NR,120,180,28,88.4,80,7500,4800
1392,6024-2RS1,120,180,28,88.4,80,None,2200
1393,6024-2Z,120,180,28,88.4,80,7500,3800
1394,6024-RS1,120,180,28,88.4,80,None,2200
1395,6024-Z,120,180,28,88.4,80,7500,4800
1396,61824,120,150,16,29.1,28,8500,5300
1397,61824-2RS1,120,150,16,29.1,28,None,2400
1398,61824-2RZ,120,150,16,29.1,28,8500,4300
1399,6224,120,215,40,146,118,6300,4000
1400,6224 M,120,215,40,146,118,6300,5600
1401,6224-2RS1,120,215,40,146,118,None,1900
1402,6324,120,260,55,208,186,5600,3400
1403,6324 M,120,260,55,208,186,5600,5000
1404,6324-2RS1,120,260,55,208,186,None,1700
1405,16026,130,200,22,83.2,81.5,7000,4300
1406,6026,130,200,33,112,100,7000,4300
1407,6026 M,130,200,33,112,100,7000,5600
1408,6026-2RS1,130,200,33,112,100,None,2000
1409,6026-2Z,130,200,33,112,100,7000,3400
1410,6026-Z,130,200,33,112,100,7000,4300
1411,61826,130,165,18,37.7,43,8000,4800
1412,61826-2RS1,130,165,18,37.7,43,None,2200
1413,61826-2RZ,130,165,18,37.7,43,8000,3800
1414,61926,130,180,24,65,67,7500,4500
1415,6226,130,230,40,156,132,5600,3600
1416,6226 M,130,230,40,156,132,5600,5300
1417,6226-2RS1,130,230,40,156,132,None,1800
1418,6226-2Z,130,230,40,156,132,5600,3000
1419,6226-Z,130,230,40,156,132,5600,3600
1420,6326,130,280,58,229,216,5000,3200
1421,6326 M,130,280,58,229,216,5000,4500
1422,RLS 44,139.7,241.3,34.925,156,146,5300,3400
1423,16028,140,210,22,80.6,86.5,6700,4000
1424,6028,140,210,33,111,108,6700,4000
1425,6028 M,140,210,33,111,108,6700,5300
1426,6028-2RS1,140,210,33,111,108,None,1800
1427,6028-2Z,140,210,33,111,108,6700,3200
1428,6028-RS1,140,210,33,111,108,None,1800
1429,61828,140,175,18,39,46.5,7500,4500
1430,61828-2RS1,140,175,18,39,46.5,None,2000
1431,61828-2RZ,140,175,18,39,46.5,7500,3600
1432,61928 MA,140,190,24,66.3,72,7000,5600
1433,6228,140,250,42,165,150,5300,3400
1434,6328,140,300,62,251,245,4800,3000
1435,6328 M,140,300,62,251,245,4800,4300
1436,16030,150,225,24,92.2,98,6000,3800
1437,6030,150,225,35,125,125,6000,3800
1438,6030 M,150,225,35,125,125,6000,5000
1439,6030-2RS1,150,225,35,125,125,None,1700
1440,6030-2Z,150,225,35,125,125,6000,3000
1441,6030-Z,150,225,35,125,125,6000,3800
1442,61830,150,190,20,48.8,61,6700,4300
1443,61830 MA,150,190,20,48.8,61,6700,4300
1444,6230,150,270,45,174,166,5000,3200
1445,6230 M,150,270,45,174,166,5000,4500
1446,6330,150,320,65,276,285,4300,2800
1447,6330 M,150,320,65,276,285,4300,4000
1448,16032,160,240,25,99.5,108,5600,3600
1449,6032,160,240,38,143,143,5600,3600
1450,6032 M,160,240,38,143,143,5600,4800
1451,6032-2RS1,160,240,38,143,143,None,1600
1452,6032-2Z,160,240,38,143,143,5600,2800
1453,61832,160,200,20,49.4,64,6300,4000
1454,61932 MA,160,220,28,92.3,98,6000,5000
1455,6232,160,290,48,186,186,4500,3000
1456,6232 M,160,290,48,186,186,4500,4300
1457,6332,160,340,68,276,285,4000,2600
1458,6332 M,160,340,68,276,285,4000,3800
1459,16034,170,260,28,119,129,5300,3200
1460,6034 M,170,260,42,168,173,5300,4300
1461,61834,170,215,22,61.8,78,6000,3600
1462,6234,170,310,52,212,224,4300,2800
1463,6234 M,170,310,52,212,224,4300,3800
1464,6334,170,360,72,312,340,3800,2400
1465,6334 M,170,360,72,312,340,3800,3400
1466,16036,180,280,31,138,146,4800,3000
1467,6036 M,180,280,46,190,200,4800,4000
1468,61836,180,225,22,62.4,81.5,5600,3400
1469,61936 MA,180,250,33,119,134,5300,4300
1470,6236 M,180,320,52,229,240,4000,3800
1471,6336,180,380,75,351,405,3600,2200
1472,6336 M,180,380,75,351,405,3600,3200
1473,16038,190,290,31,148,166,4800,3000
1474,6038 M,190,290,46,195,216,4800,3800
1475,61838,190,240,24,76.1,98,5300,3200
1476,61938 MA,190,260,33,117,134,5000,4300
1477,6238,190,340,55,255,280,3800,2400
1478,6238 M,190,340,55,255,280,3800,3400
1479,6338 M,190,400,78,371,430,3400,3000
1480,16040,200,310,34,168,190,4300,2800
1481,6040 M,200,310,51,216,245,4300,3600
1482,61840,200,250,24,76.1,102,5000,3200
1483,61940 MA,200,280,38,148,166,4800,3800
1484,6240 M,200,360,58,270,310,3600,3200
1485,16044,220,340,37,174,204,4000,2400
1486,6044 M,220,340,56,247,290,4000,3200
1487,61844,220,270,24,78,110,4500,2800
1488,61944 MA,220,300,38,151,180,4300,3600
1489,6244 M,220,400,65,296,365,3200,3000
1490,6344 M,220,460,88,410,520,3000,2600
1491,16048 MA,240,360,37,203,255,3600,3000
1492,6048 M,240,360,56,255,315,3600,3000
1493,61848,240,300,28,108,150,4000,2600
1494,61948 MA,240,320,38,159,200,4000,3200
1495,6248 M,240,440,72,358,465,3000,2600
1496,6348 M,240,500,95,442,585,2600,2400
1497,16052 MA,260,400,44,238,310,3200,2800
1498,6052 M,260,400,65,291,375,3200,2800
1499,61852,260,320,28,111,163,3800,2400
1500,61952 MA,260,360,46,212,270,3600,3000
1501,6252 M,260,480,80,390,530,2600,2400
1502,16056 MA,280,420,44,242,335,3000,2600
1503,6056,280,420,65,302,405,3000,1900
1504,6056 M,280,420,65,302,405,3000,2600
1505,61856,280,350,33,138,200,3400,2200
1506,61856 MA,280,350,33,138,200,3400,2800
1507,61956 MA,280,380,46,216,285,3200,2800
1508,6256 M,280,500,80,423,600,2600,2200
1509,16060 MA,300,460,50,286,405,2200,1800
1510,6060 M,300,460,74,358,500,2800,2400
1511,61860,300,380,38,172,245,3200,2000
1512,61860 MA,300,380,38,172,245,3200,2600
1513,61960 MA,300,420,56,270,375,3000,2400
1514,6260 M,300,540,85,462,670,2400,2000
1515,16064 MA,320,480,50,281,405,2000,1700
1516,6064 M,320,480,74,371,540,2600,2200
1517,61864 MA,320,400,38,172,255,3000,2400
1518,61964 MA,320,440,56,276,400,2800,2400
1519,306728,330,460,56,281,425,2600,1700
1520,16068 MA,340,520,57,345,520,1900,1500
1521,6068 M,340,520,82,423,640,2400,2000
1522,61868 MA,340,420,38,178,275,2800,2400
1523,61968 M,340,460,56,281,425,2600,2200
1524,61968 MA,340,460,56,281,425,2600,2200
1525,16072 MA,360,540,57,351,550,1800,1400
1526,6072 M,360,540,82,442,695,2400,1900
1527,61872 MA,360,440,38,182,285,2600,2200
1528,61972 MA,360,480,56,291,450,2600,2000
1529,16076 MA,380,560,57,377,620,1700,1400
1530,6076 M,380,560,82,436,695,2200,1800
1531,61876 MA,380,480,46,242,390,2400,2000
1532,61976 MA,380,520,65,338,540,2400,1900
1533,6080 M,400,600,90,520,865,2000,1700
1534,61880 MA,400,500,46,247,405,2400,1900
1535,61980 MA,400,540,65,345,570,2200,1800
1536,6084 M,420,620,90,507,880,2000,1600
1537,61884 MA,420,520,46,251,425,2200,1800
1538,61984 MA,420,560,65,351,600,2200,1800
1539,6088 M,440,650,94,553,965,1900,1500
1540,60888 MA,440,540,31,159,290,2200,1800
1541,61888 MA,440,540,46,255,440,2200,1800
1542,61988 MA,440,600,74,410,720,2000,1600
1543,6092 MB,460,680,100,592,1060,1800,1500
1544,61892 MA,460,580,56,319,570,2000,1600
1545,61992 MA,460,620,74,423,750,1900,1600
1546,6096 MB,480,700,100,618,1140,1700,1400
1547,61896 MA,480,600,56,325,600,1900,1600
1548,61996 MA,480,650,78,449,815,1800,1500
1549,60/500 N1MAS,500,720,100,605,1140,1600,1300
1550,608/500 MA,500,620,37,229,440,1800,1500
1551,618/500 MA,500,620,56,332,620,1800,1500
1552,619/500 MA,500,670,78,462,865,1700,1400
1553,360476 A,530,760,100,585,1120,1500,950
1554,618/530 MA,530,650,56,332,655,1700,1400
1555,619/530 MA,530,710,82,488,930,1600,1300
1556,60/560 N1MAS,560,820,115,663,1370,1400,1200
1557,608/560 MA,560,680,37,229,465,1600,1300
1558,618/560 MA,560,680,56,345,695,1600,1300
1559,619/560 MA,560,750,85,494,980,1500,1200
1560,608/600 MA,600,730,42,265,550,1500,1200
1561,618/600 MA,600,730,60,364,765,1500,1200
1562,619/600 MA,600,800,90,585,1220,1400,1100
1563,60/630 N1MBS,630,920,128,819,1760,1200,1000
1564,608/630 MA,630,780,48,364,765,1400,1100
1565,618/630 MA,630,780,69,442,965,1400,1100
1566,619/630 N1MA,630,850,100,624,1340,1300,1100
1567,306708 D,650,920,118,780,1730,1200,750
1568,60/670 N1MAS,670,980,136,904,2040,1100,900
1569,618/670 MA,670,820,69,442,1000,1300,1100
1570,618/670 TN,670,820,69,436,965,1300,800
1571,619/670 MA,670,900,103,676,1500,1200,1000
1572,306704 C,710,1000,140,832,1900,1100,670
1573,360141,710,1080,160,1040,2400,1000,630
1574,60/710 MA,710,1030,140,956,2200,1000,850
1575,618/710 M,710,870,74,475,1100,1200,1000
1576,618/710 MA,710,870,74,475,1100,1200,1000
1577,618/750 MA,750,920,78,527,1250,1100,900
1578,619/750 MA,750,1000,112,761,1800,1000,850
1579,306474 D,760,1080,150,923,2200,950,600
1580,361844,800,1080,115,819,2040,950,600
1581,60/800 N1MAS,800,1150,155,1010,2550,900,750
1582,608/800 MA,800,980,57,403,1000,1000,850
1583,618/800 MA,800,980,82,559,1370,1000,850
1584,619/800 MA,800,1060,115,832,2040,950,800
1585,306493 AA,850,1220,165,1040,2700,800,500
1586,618/850 MA,850,1030,82,559,1430,950,750
1587,618/900 MA,900,1090,85,618,1600,850,700
1588,618/950 MA,950,1150,90,637,1730,800,670
1589,618/1000 MA,1000,1220,100,637,1800,750,600
1590,60/1060 MB,1060,1500,195,1530,4500,600,500
1591,618/1060 MA,1060,1280,100,728,2120,670,560
1592,618/1060 TN,1060,1280,100,728,2120,670,430
1593,618/1120 MA,1120,1360,106,741,2200,630,530
1594,618/1180 MB,1180,1420,106,761,2360,560,480
1595,618/1320 MA,1320,1600,122,956,3150,480,400
1596,618/1500 TN,1500,1820,140,1170,4150,380,240
1597,618/1700 MB,1700,2060,160,1270,4900,300,240
